Date,Brent,WTI,STOXX600,DAX,CAC40,FTSEMIB,IBEX35,OilGas_ETF,Travel_ETF,Utilities_ETF,VIX,EURUSD,EURPLN,EURHUF,EURCZK,WIG20,BUX,PX
2025-01-03,0.7609611920376469,1.1285752414910675,,-0.5939305207377921,-1.5200579258523987,-0.721139425774056,-0.21690885543347027,0.9303388945920094,0.1194439658538239,1.0564246043888086,-10.579446452967472,-0.8113997132924224,-0.07139288758620366,0.5304191921561402,-0.10060774322158264,0.46766945273696925,-0.015805680163170126,0.8823611564595318
2025-01-06,-0.27485008774552544,-0.5423027593440198,0.9459470632544705,1.5458524857375562,2.2199543343011943,1.8953098940218647,1.3350745812545461,-0.45834997520746296,1.7748453988305288,-1.1219989447131646,-0.5595180591635829,0.36106625795827163,-0.07590245107073412,0.5599325780741787,-0.011937957394759776,0.0,0.24817771601766586,-0.20423154457750342
2025-01-07,0.9781623086386816,0.9336411136007488,0.3211016537411307,0.6133687703335611,0.5846690803401391,0.4532423134850546,0.0313309025023451,0.9942414990779114,0.7400270520442983,-0.24958994235131157,10.523574540106704,0.7831709997193286,-0.4405995024512639,0.20615780885735413,0.04216732522795209,0.8942852420467899,0.8763790625616673,0.6092084837923998
2025-01-08,-1.1618162806095103,-1.2604358873549464,-0.19448827206017516,-0.05227797575382806,-0.49432230496673213,0.4853824056674871,-0.11690625007880111,0.10228937960473586,0.0,-0.02630944737946373,-0.6756722233491995,-0.3939010992033952,0.17402132838584095,-0.282616720004391,-0.10824270708993616,-1.2564933590237177,0.4814654368490647,-0.10137075397975581
2025-01-09,0.9929458348387493,0.8149983753407338,0.4215689286298754,-0.06317726689674982,0.5067349948458084,0.58786111785972,0.8541089995418842,0.0,0.0,0.0,0.0,-0.29853923848209973,0.4063861262033801,-0.10646117742172331,-0.039827268835804036,0.8245866859848341,0.13752048918351786,0.7975418509466043
2025-01-10,3.6256255520897596,3.5221948576786186,-0.8449106548151506,-0.5048408427120625,-0.7940324051841505,-0.6419929444212273,-1.5105952107500924,0.40811440649969516,1.7311388613105605,-0.567307696065647,9.889901078493853,-0.16592591806951787,-0.31853735035246666,-0.13679550632877396,-0.13074458868990332,0.4093144601684385,0.7162176191275355,0.17939216985157355
2025-01-13,1.5550477775546485,2.896141675559818,-0.5528464637615073,-0.40616783767288556,-0.30189221183926496,-0.8327538859755161,-0.27938037569729357,2.0824890319270506,-2.275894723078546,-1.171186443819159,-1.8074355619041127,-0.517668789558367,0.07720152425337869,-0.224702880978321,-0.032710971695291864,-1.601477580403543,1.053907580008762,-0.4554955054096356
2025-01-14,-1.3546518783156494,-1.6888831535749937,-0.07866463193676428,0.6854786413935826,0.20266283864209894,0.9324476918541361,0.5452112206911689,1.0690422982433292,2.00856595744386,1.3033911440901862,-2.533124649612117,0.20304839862353538,0.13691150489300075,-0.08099281165344457,0.5423602717347794,0.7507872749554803,0.5496797888562378,0.4677024689426172
2025-01-15,2.605890770427604,3.224858479460386,1.3173298349720592,1.4853602024662507,0.6835713828832116,1.4751864192810458,1.2380426965736284,1.4691003039470634,-0.4599439553086495,1.4560561310873605,-14.899730221337663,0.40425110937454856,-0.15449733317714098,-0.09466352529731652,0.24572993040299593,2.098871135929014,1.013330562484947,0.18181823190587268
2025-01-16,-0.9062000112514115,-1.7137523754351096,0.9719164541919598,0.39151541574344983,2.1199667719204016,0.4841404785845384,-0.4878070895032286,0.7211605546357718,-0.07685972260274951,2.4949895915790847,2.9341929202495187,-0.11228832625102639,-0.12795950031529357,-0.2628458421644043,-0.19416012824801976,-0.30367522663339597,0.19260685582200587,0.32787730391461045
2025-01-17,-0.6169812197161495,-1.0219852162402603,0.6841283751829105,1.1935044118363787,0.977684653881151,1.2429413151244066,0.6372923520129206,0.7692371384714997,0.6896567626278779,0.13960854809330334,-3.8690739395028566,0.06487944949136819,0.14414707756535944,0.3201361288199944,0.23216200886988725,1.250823139425405,0.9321581245951828,1.4767027517729299
2025-01-20,0.0,0.0,0.04773315393511143,0.4149552040753221,0.307577986806504,-0.3424850058162259,0.22883429746893663,0.0,0.0,0.0,0.0,-0.2387160083696559,-0.09998646639864917,0.08418300657195807,-0.10492149484044946,0.7573340515676688,1.199821375894915,1.1352112024730427
2025-01-21,-1.8741177992928564,-2.588422986391223,0.40195994505504706,0.24595116713366003,0.4830905665663434,-0.23544738935166254,-0.13572302154647775,-0.5121582357876603,2.3397239584649796,1.523104519345331,-5.866972871283094,1.3846491055078889,-0.19580800176123742,-0.375107962400975,-0.2764836570092139,0.3465255406834139,-1.0192448085420276,0.07579769368095884
2025-01-22,-0.36641763638535546,-0.5947244685812746,0.39088447327614506,1.0037353920434156,0.851468708497864,-0.5701348999484072,-0.375472986066707,-1.835313962611548,-1.2385189162443693,-2.184857542942191,0.2652518849032259,-0.1416205362180622,-0.037176196239552345,0.0953672067692109,-0.21035393963355245,1.2726925652312628,0.716704464981184,0.07842505706395188
2025-01-23,-0.9027959853146592,-1.0929066086829906,0.4346364138290175,0.7371734836838671,0.7019727066041868,0.7197774485179298,0.9114488192134964,0.45658012148220123,-0.79621265420508,0.47133393282432656,-0.5312092270843689,0.04059144911656663,-0.6320860771570196,-0.16865644822395212,0.04338118070991156,0.02073639604636072,-1.4816856392833935,0.3612492204102501
2025-01-24,0.26787321744879034,0.05359179363270571,-0.0509273824997154,-0.07755656786802763,0.4426017965937173,0.2433831441747234,-0.0742500546750385,-0.970001435052593,-0.0761645975588431,1.0114968223046097,-1.138278587602501,0.05623270136917337,-0.21933225438412202,-0.2336235090850765,-0.19276697057115424,0.655419236099474,0.928455744895957,0.8698787329911547
2025-01-27,-1.825475748694721,-2.0159046665649796,-0.07171527432576914,-0.5283875312856885,-0.2657545210493022,-0.027627362315187098,0.12093564339541227,-1.0458402513423743,0.8723772517639296,-2.341959152249976,18.680080059864572,0.49389215347794924,-0.06102997497090429,-0.5194331020670786,-0.003581432712621372,-0.10010137150374195,-0.24399396501085557,-0.702560305237967
2025-01-28,0.5305000906621637,0.8166623519532719,0.3599346542597427,0.6948789475241127,-0.11655265761137364,-0.12165115271724361,1.3009883779939695,-0.9563119287946998,-1.7524245592760939,-1.3875550230290317,-8.690979573202155,-0.2153932561904579,0.08119904207393162,0.1228818577635641,-0.06261595222691584,0.9473583130360128,-0.015301779367840766,-0.23046967708909086
2025-01-29,-1.1812898248537869,-1.5711695583328273,0.4991349218136011,0.9610396860473207,-0.31566764722530855,0.6205290254417336,1.0826293506402807,0.22320183445436012,0.6130318167026501,0.20869786483608072,0.909922090372748,-0.15342817485930793,-0.3037699258156341,-0.19260473053605306,0.005987938528412927,-0.014173458139084825,0.05001636522020409,0.6908849700286516
2025-01-30,0.3779749131761007,0.1513596515076029,0.8536100538178135,0.4135621402423133,0.8746689244711185,0.15933631568060777,1.077473977361079,0.5115227955047628,0.7231207572400087,2.0635191235449013,-4.445172068790335,-0.03649282085413558,-0.01453098633216018,0.17397669920027245,0.17018289128433017,1.758342460245254,0.30235405432918944,0.15990271124565308
2025-01-31,-0.1432020121765803,-0.27537477775536723,0.12797138266883823,0.0223269500516189,0.10734819940482632,0.1152231890667854,-0.40905492017746403,-2.834840337224103,-1.2977300969123091,-0.5888974409581502,3.65705546041249,-0.2686179136486122,-0.05811099021653418,-0.3984522405152481,0.00477739086573057,-0.30605152094348076,0.2832555812209461,-0.6796225400488384
2025-02-03,-1.0476825078165335,0.8648621033832713,-0.8712156390887367,-1.4078476198150665,-1.205322514465178,-0.6960999892780277,-1.327405661125561,0.6256095032977267,-1.4316390566723154,0.537843967592613,12.512736629705268,-1.448189426502745,0.5139781753165279,0.35578172093083227,0.24419336330353766,-1.7993329764632935,-0.9121202006343563,-1.7869846855207956
2025-02-04,0.3154548751955607,-0.6307531016772016,0.22224560557451795,0.36082907556625426,0.6532468614366006,1.3710489247633297,1.358926648478932,2.0760406238062146,1.585188882251971,-0.8851259184801455,-7.87457598944896,0.7736208334642574,0.18871543203073288,0.15146451915013306,0.1496452847822629,1.0234558143564316,0.26435704672258187,1.4454334554409918
2025-02-05,-2.108686797930193,-2.3239036738083034,0.46901623079057114,0.3723719130293237,-0.18634835055038623,-0.3765352334121752,1.3159859170183126,0.21080998465791523,-0.7314800152888224,0.9999898438997264,-8.738112702359498,0.43883686987456033,-0.46902398646593596,-0.3515597108916568,-0.2995072544588956,-0.8416410021667837,-0.8840759457435963,-0.42885537871271207
2025-02-06,-0.42981891765723695,-0.5930519651740896,1.159331640046987,1.455543035538456,1.458454075126846,1.468080584503512,1.5379605822326032,-1.8568847720318507,0.5395077126787989,-0.11486392541959636,-1.7269406077245502,0.27005333349387234,-0.1967458676705936,-0.25616097101698915,0.06601546767510637,2.7077946245767537,3.2747484486224123,2.4887265826492007
2025-02-07,0.49681570495134786,0.5508090869077975,-0.38434141112984777,-0.5283667789478338,-0.432903370798013,-0.17795038263767474,-0.3312337752678769,-0.011299019421108877,1.5255793058111646,-0.20456595478133938,6.494172102266113,-0.14550635639053738,-0.23293522597418712,-0.32774444265771163,-0.2846636782897757,1.1199221446423064,-0.32013670039646236,0.673300972894154
2025-02-10,1.6076863014219263,1.8420834822807806,0.582360480019105,0.5709115298107819,0.4154197151814923,0.500687470904053,0.15670252016127775,2.178000431281044,-1.2185973220376252,1.08192608112901,-4.5139067185260915,-0.716122439127078,-0.02364330337215516,-0.16972418709627737,-0.02392656366487948,0.7758711379398341,1.0131659666852457,0.143914176918446
2025-02-11,1.4784036302540793,1.3732706945136313,0.23053889887973095,0.5737948689934184,0.2828753692835961,0.9088055707390092,0.5179813572587347,0.8033158601785815,-1.5444288885780744,0.5051165166335676,1.3195292452123142,-0.09790906251212764,-0.18137524334592103,-0.06464626165417534,-0.03749088352821601,1.0986114247717798,0.12888840173429794,1.101152945738498
2025-02-12,-2.3920179658383733,-2.6955767342579184,0.10959974229505065,0.4987996105058737,0.16539067631610566,-0.1357954224626092,1.0643922008876856,-2.440772647425386,0.5819587054784555,-0.17650419275392595,-0.8147968059884936,0.6137893242324767,-0.23970933032912428,-0.18055342972173144,0.08254807098590229,1.3119413244086293,0.3828549237862729,1.1105673328344885
2025-02-13,-0.2130542288741826,-0.1121573494846507,1.0839521389005315,2.0733080831344157,1.5046275023983662,0.9994913465613766,0.1918910892590779,0.7496441599915011,-1.4809321163199312,0.22687679383135037,-5.099523307106509,0.26050744738818676,-0.24702418962657108,-0.2818877660924723,-0.15598053725744268,1.0147967264173041,0.37789866930875904,0.831855703221604
2025-02-14,-0.3739304431378567,-0.774492439283829,-0.24228457791256186,-0.43700301862669283,0.17659534552390194,0.18448730952766731,0.15217033065855257,0.40049578457394946,1.326074474753559,-0.4163197953107107,-2.2096641547685154,0.66834911027321,0.14146682774080965,-0.013188725360719243,-0.12383908172985073,-0.7407169084651106,-0.9565816297022146,-0.24847625060224393
2025-02-17,0.0,0.0,0.5434077957728256,1.256518128548749,0.12939954530125136,0.917365487759599,0.4689541893138643,0.0,0.0,0.0,0.0,0.2629322305061365,0.032635391678049325,-0.09016447074374871,0.03077407807154968,0.8127548335753014,0.24849690831679716,0.9505798968047435
2025-02-18,1.461041418427828,1.5569437709031841,0.31458156139290716,0.2033634480586327,0.21261312756189993,0.5879156394578725,0.9709259188828988,1.356365416719352,0.42528466583025254,0.9311664010120229,3.8517371348564895,-0.03670411630294712,-0.2505652141794963,0.016941494551035115,0.06352304882238095,2.819558665592839,1.0326631050796,0.5390875618594877
2025-02-19,0.26337200008458994,0.5551735704514271,-0.9141224082242287,-1.8149177577375732,-1.1769326891179563,-0.5357480760649466,-1.6453984184115273,0.7855096900522919,-0.2317444779583199,0.524674987815979,-0.5225349676138613,-0.3537837113021435,-0.2919657114105354,-0.12290613699162635,0.0758441062008694,-1.3634013373947917,-0.07215792202251152,0.09380536076928929
2025-02-20,0.5769782975801222,0.44192820922431647,-0.19761695379459687,-0.5317779624667833,0.14833921246657197,-0.2584959074809782,0.29115320897738206,0.9087196672684789,-0.737442008766247,-0.012455634204070977,2.521953161034285,-0.26190321564042357,0.7354935773304488,0.17770301006873543,0.13718180745957753,-0.8047842485348526,-0.7092143565605221,-0.29768616116559843
2025-02-21,-2.7170222164114026,-3.0358324246371944,0.514087235061193,-0.1214731131559584,0.3923272373847715,0.4486768972104169,-0.11651339213749365,-2.100306041888778,-4.054615638984494,0.024909717173132187,15.086116264458116,0.7604926965781187,-0.4103397122951935,0.06820139562934005,-0.1910685313811342,0.16858027704536235,0.043897695553231246,-0.6055926530424752
2025-02-24,0.4691362753051228,0.42522448992222206,-0.08308243344077877,0.6189164907236869,-0.781999383790078,0.1352511455429807,0.4690986784979216,0.021990413490054053,0.9689226390473997,-0.4995552022409095,4.1414925600129795,-0.24541613434621307,0.0016854899780071317,0.04453597025061366,0.11532083100407066,-2.413379054289103,-1.5842969035676169,-0.4706437022917114
2025-02-25,-2.381712297034897,-2.535402841274555,0.1462630907385453,-0.06985497058038011,-0.4946145832305517,0.6270425271212571,0.7952633277312746,-1.4508182599478887,-0.8067756854120185,-0.5020831779960783,2.343251003220151,-0.1287627798320897,-0.3956070602859272,-0.28395464345412835,-0.4857222132005873,0.636143640927088,-0.43161773955652827,0.6169840879225014
2025-02-26,-0.6733077709692673,-0.4507423868616894,0.9821639326989962,1.6982826817615648,1.146664696529105,1.3087176780409404,1.6273324007867234,-0.5705655891232091,0.3638605657278577,0.41440535085939323,-1.7129924070949658,0.5980862832362415,-0.07366472658264851,-0.01596387979566523,-0.22788530477671,1.8604650326378254,1.6818283753253824,0.9532455277811346
2025-02-27,2.06052475256032,2.4898684414304357,-0.4584613111492465,-1.0727581099725654,-0.509650016916866,-1.5466344677088957,-0.4616127788744648,0.5370871423644995,-2.2032756874086505,-2.243028054332903,10.100543688551946,-0.33620277203350935,-0.08942173984249875,-0.43477418747033447,0.06143782152867659,-1.1626855170926997,0.29647384057313547,0.09651742042798847
2025-02-28,-1.1683336309335621,-0.8421951647283327,0.014361857822462205,0.0023903980828001692,0.11236931069087681,0.08281788304306655,0.576306991066815,1.5392690343833746,0.8216994655244888,1.513550708138313,-7.363482637456453,-0.8969571024957386,0.6221481783089012,0.2517422004281449,0.22614131801039639,-0.40777063531852287,-0.9588790975405804,-1.7658996938059508
2025-03-03,-2.1547760841610213,-2.01266381252642,1.060421676833509,2.606756157845153,1.0799963105372479,1.0653180881237887,0.1931094839210042,-3.557028886894232,-2.108826394769705,0.13877551050553008,14.882402262573164,0.18000872765831177,0.2093232387368135,0.30171426114036426,0.3793589460612112,0.8542524015763265,2.0180186399615323,0.9339930065282128
2025-03-04,-0.8131291348252717,-0.16101973239740863,-2.1648659900348752,-3.6077803295197537,-1.8685119784626811,-3.4714767671715294,-2.5860331642187844,-0.9726008075851339,-3.443484261448556,-1.6394959837473924,3.1542884125980524,0.6812887153838506,-0.2792677559416528,-0.27422170311870997,-0.30809701199836265,-4.00391441847841,-2.804194887476578,-2.3115115973060663
2025-03-05,-2.4798161338639457,-2.898329621135002,0.9068343830960471,3.3222814565563175,1.5514136650701065,2.053708007100429,1.3892007843255205,-1.4710465068887313,3.6104977507502833,-0.7072622971453756,-6.957029594178693,1.3448043458163523,0.05528795990763766,-0.5670423567263317,0.3013161872397148,3.624204174525391,1.8294419826209156,1.7901756587765358
2025-03-06,0.2306083902520818,0.07537959571209368,-0.034173407044134914,1.4557137129561144,0.2922158128027727,0.675302376154081,0.15275292149305814,0.30291406446037655,-3.0067874936324523,-2.0995852497784395,12.580671521442058,1.568010434631488,-0.23196024637651053,-0.0341845352324314,-0.3761838035832214,1.8020985859287602,1.3301808518208902,1.823054300567091
2025-03-07,1.2873894408766147,1.0194995310435617,-0.4597797287183472,-1.7685362402572173,-0.9421310584186453,-0.4833736939362357,0.17288256850274505,1.6956424036292579,-0.9937384364980145,1.8411378733533452,-6.2209107098641185,-0.0647444013491739,0.48855760181902375,0.3182299830816867,0.21364895285429925,0.138975429022819,-1.138304044237849,0.6280841940275715
2025-03-10,-1.5468681909721969,-1.5180304110880534,-1.3005437201704608,-1.7006378789645302,-0.9054724969416879,-0.9555000512737253,-1.32424668332776,0.7407032659408181,-4.8030578609970584,1.0937496470581807,17.573880579798804,0.671099553549719,-0.29553532930181353,-0.335575989655981,-0.33467511926623855,-2.015181543730804,-1.5745145658222948,-1.3413582312380796
2025-03-11,0.40334077539037366,0.33262991469503345,-1.7191972292033546,-1.3000473007488484,-1.322010230696092,-1.390886971354118,-1.5824705469432518,-0.797911830118473,-1.7000215091190884,-0.9386072059143779,-3.432248264884245,-0.1952945686590632,0.8615866847949079,0.38417482921723567,0.16947811465991564,-0.2253615724835618,-1.9283454279163448,-0.082283803959896
2025-03-12,1.9785706205021205,2.135525494073462,0.8088020220115085,1.5449223485616206,0.5906763552531908,1.602560446178888,-0.5708434097325201,0.45673665575689143,-1.8237572242723092,-0.31051570812544177,-10.527799167462568,0.6874012208263975,-0.08370262871572393,0.2811066459685572,-0.013210451211864805,1.6408502737375152,2.1610816230437373,0.39931542175816215
2025-03-13,-1.519591463166544,-1.6837129109330446,-0.14976522074994064,-0.4830290364783129,-0.6372779596763255,-0.8046487384268001,0.13502130665860518,-0.6858805517990528,-0.9006985592286595,0.2459073799408163,1.7590975612529973,-0.25615299798285873,-0.18840226358460982,-0.37933017688147735,0.09604524199430067,2.119163871114802,-0.43624445049750454,0.8475989814478333
2025-03-14,0.9967398228501609,0.9421998029069015,1.1333601719449078,1.8426128178967514,1.1282477375675115,1.7089973046052258,1.424145732669212,2.916456901496946,3.0483052041931353,1.9331047823427694,-12.464959527480426,-0.2815596631987374,-0.10499010674145438,0.06165237032042857,0.09515277510836251,2.623816478109,1.3725762973568594,1.9661759486473147
2025-03-17,0.6918458354695154,0.5936519653962617,0.7908685904387399,0.727116095993639,0.5676261429442979,0.9449456875268918,1.0859530549716352,1.5805775322335174,1.830710776702214,0.4175313799739581,-5.962031302991289,0.2358530074516342,-0.03278423478547514,0.0681244415949877,-0.07715694110680205,0.8398473801510388,1.5727468932052804,0.6088064271879811
2025-03-18,-0.720192544668036,-1.0113118438230646,0.6080119670295278,0.971867954776804,0.501464668521868,1.3035471512030785,1.565957438718821,0.16435820842719495,-1.830710776702205,-0.6968472556771657,5.639971246110035,0.3477124323910368,0.0787188536471432,-0.4320718599803597,0.08954195059679068,0.7678510209034846,0.4872409205644625,0.25944456999248644
2025-03-19,0.3113080572769103,0.38788967949342434,0.19285150942641344,-0.3970055943892293,0.6987655932672765,0.45175288508140554,0.39905753744964273,1.6181140355688222,2.6887023919803346,0.36803712241851155,-8.65925831437999,0.18579471337151732,-0.084220081095645,-0.10339581317830647,-0.050753977402074234,-0.7059464455462676,0.35824732671822385,0.2463520826108643
2025-03-20,1.7089661345179494,1.6246088036584214,-0.43127503145543145,-1.2483530648457057,-0.9501065599785428,-1.3308012528156015,-0.7621380205209307,0.3655823241449168,-1.0395609867623072,0.40455067417448376,-0.5037813392920312,-0.25238041740137473,0.10334282826596158,0.06391425525001088,-0.13841981681081178,-0.9435123567245013,0.300657636586507,-0.5230848956806896
2025-03-21,0.22198074881644012,0.029290527428279985,-0.6003732119655827,-0.46837635934287103,-0.6351824339358136,-0.3886280203181139,0.3293788030292718,-0.7000956490517006,-0.13639589248002779,-0.6455302232502856,-2.661357437140071,-0.5072068371072949,0.2013705927165867,0.19526770721818704,0.050831893370299266,-1.0280652035486113,-0.35847032630950376,-0.12398661764130717
2025-03-24,1.1573514644171372,1.2082566886560389,-0.13471515797050596,-0.17059833346267284,-0.25670424866436914,-0.16151985975092195,-0.20170131212625245,1.1329448252142178,3.311262993686037,-0.0319751106698577,-9.80109807572565,-0.19306529647782716,0.07324205608772462,-0.2997187605778756,-0.07845332235271538,1.5544212935328585,1.0428967293326836,1.8934050750528146
2025-03-25,0.027388910630211087,-0.1592942337638971,0.6645449168993348,1.1188767921674332,1.0695061195727904,1.0515934473582098,1.201166371468637,0.4084265779687164,-1.017477828073227,-1.6120148888592196,-1.9059192670720067,-0.29753684650426576,-0.46320610776812304,0.3930649047354766,-0.24898272702884475,1.168465445258173,0.7862339287726656,-0.14779735096981977
2025-03-26,1.0489903222782648,0.937621753636423,-0.7009882990283023,-1.1785412954611896,-0.9654745606656692,-0.8337312294696997,-0.3871207210430639,0.5882039735861432,-0.7587639835580126,0.6608366856972223,6.654090632055294,-0.14897398063046796,-0.31240295001805757,0.04714921267003633,-0.11608094546982058,-1.117534693723361,0.6410108213015786,1.0052320541069868
2025-03-27,0.32471664882276013,0.38689830258029545,-0.4419905936511339,-0.7042951652534196,-0.5064718921444358,0.10491703561017497,-0.07149996586330318,-0.9750918851135864,-2.4031973255142196,-0.02582391791561849,1.944959235261349,-0.42198711213786005,0.5119985984286588,0.3173891298225108,-0.015270932591492719,0.39176797788949885,0.5392193570708281,0.3656328276787171
2025-03-28,-0.5417885887564566,-0.8041363887377214,-0.7736134495674852,-0.9624330075722682,-0.9308366108825699,-0.9250046684068177,-0.8476800048681028,-0.47490858483156945,-3.0757417398320848,0.733642492044417,14.701678678666754,0.5471904928493531,0.017692174450851545,0.28898864181336126,0.2661405864409086,-1.1701117993326566,-1.4170424913066455,-1.2254267948199904
2025-03-31,1.496288139704068,3.0107395982433496,-1.520445823538961,-1.3357250991340461,-1.5964150466784237,-1.7893199188413627,-1.3152118912698398,1.097495114021479,-1.7184074252601937,1.1094781110241803,2.868400904935161,0.2119260589161071,-0.19381552523325402,0.11705288191449426,-0.09344367684750766,-2.157622670809412,-3.0309242121200812,-0.6039111543691887
2025-04-01,-0.3350535965079117,-0.3924961698320787,1.0656294720633213,1.6844291067936223,1.0933857649807244,1.3184020541617232,1.2227540474208825,0.5868232726080257,-1.6015923962944913,0.2533342016247211,-2.3156549604275463,-0.046531882945168225,0.13642996654166445,0.03633216784812115,0.014839011106253911,1.6998307590160706,1.3568466005562914,0.4116801535490465
2025-04-02,0.6156324321256228,0.7137419571240765,-0.505320192541814,-0.6638702418994303,-0.222810051529659,-0.2674944135683004,0.3992934762810386,0.13819952828974078,2.416750345508774,0.46696824070346227,-1.201494235336976,-0.211826043505273,0.020082420098319443,-0.08314143991681452,-0.01764788044430057,0.4683456366311417,-0.18559337320488675,-0.580346706580353
2025-04-03,-6.632794782122915,-6.868416857286343,-2.603820187103003,-3.053858879899945,-3.362372515164619,-3.6627728959981667,-1.1981425226485403,-8.176174350506157,-9.092628283392841,-0.6315574793847659,33.33458875335828,1.0385541263550278,-0.10431056352875777,-0.16348380206321658,0.008824329531757172,-4.169816988903613,-2.832155081034493,-2.0028333588764946
2025-04-04,-6.7222436672694466,-7.697291776429961,-5.2569872896421606,-5.079904634021626,-4.3577058159717215,-6.756612759956948,-6.0080861273782515,-9.650987859653121,-5.7035425569839795,-5.7232925714099485,41.166394753389156,1.2304011200254634,1.0641304430377911,0.4541655557935037,0.38085375965137774,-6.576751128318123,-4.930898802417168,-5.4636881372769075
2025-04-07,-2.1111851789805955,-2.102939815576841,-4.601256190147904,-4.215679015036202,-4.899280770467248,-5.3195362071585475,-5.257369372281193,-0.6496285083016374,-0.22172803275586012,-1.5414069506518393,3.6194180499137216,-0.5374859221748647,1.0177611341547967,0.6654479594521762,0.5206682889760511,-1.4969734427151846,-0.759310525244668,-2.546930051115642
2025-04-08,-2.1885458295066695,-1.862373261662866,2.685086947594514,2.4490473209217876,2.470976690009789,2.4147555111929275,2.346299567684621,-2.340273604833955,-3.673760410258547,-0.40960619028270284,10.78478858876829,-0.6318140368247304,0.6766733723941076,0.3746981091065311,0.2827159362888137,3.098750513843965,3.9192529711335236,3.6942071835011885
2025-04-09,4.147131451692062,4.54436696354052,-3.5580652664180894,-3.050857432892815,-3.4006345278800136,-2.7898417175110413,-2.2462308247099974,7.459378970404301,15.882754308058422,3.864689051708837,-44.244875916441465,0.594474617600662,-0.5592898776071913,0.0063889330503595874,-0.21196387887799448,-2.9988547178090443,-2.7229549429104423,-2.035064769771281
2025-04-10,-3.338562432823125,-3.7253103871513815,3.6340248090228005,4.434082340157803,3.7605295598580195,4.615193425836297,4.232083816159962,-6.755418325803459,-9.094842271888329,-0.7531264007611169,19.15983060100054,-0.258806383289109,-0.9274056393907897,-1.0949662801266002,-0.5538566475399097,4.805910237976971,3.3728639608691573,3.475364044264185
2025-04-11,2.2328982355065556,2.352663103073811,-0.09855679857911687,-0.9215769469908788,-0.2982292072234211,-0.7290860200552091,-0.1756523263909568,2.450870458104492,2.6540905633366476,1.2127777433323659,-8.07797113175864,2.753679368654884,0.6171118249774901,0.5455286430382394,0.10063894999057524,-0.95695639801795,-1.5254317752002107,-0.8171782294261496
2025-04-14,0.18512056775789287,0.048766610077294284,2.6534767484662027,2.8104705250541526,2.341479205803557,2.8364326378442097,2.6013871192137774,0.3543005232035756,-1.159124739563387,1.7791604504759653,-19.550720373103715,0.7548715960574772,0.5535489499029284,1.1969996705385162,0.18344416155603452,3.0741346191256715,1.1821081822014814,1.9259311686305125
2025-04-15,-0.3241980329212837,-0.32556914195780867,1.6211442512924217,1.4161788652361234,0.8526553325755505,2.362814752989318,2.1147082274512328,-0.1516737452502826,1.0018392829866019,-0.012888114318035541,-2.524305637693086,-0.030628998353782237,-0.2809601471623979,0.010004993938124276,-0.0904820115937613,0.393365345466117,1.4524700514394722,1.100989823799674
2025-04-16,1.8082017872566944,1.8417311552440874,-0.19110506265047597,0.2693326719099483,-0.07404774246687225,0.6229856615687116,0.4864176995354493,0.8188855537348587,-1.1609599410490092,-0.9051996229525145,8.034908060172265,-0.4152990399168905,0.5771942075631925,-0.46903739957539187,-0.06621982918988,-0.1012546104815306,-0.12419529224084173,-0.25281248871681045
2025-04-17,3.1539878314920546,3.47655783810385,-0.13221043725125592,-0.49467587178529254,-0.6035987726989769,-0.24428171152732622,-0.18638455934593934,2.2333455180392687,0.21208768643492432,1.0210017365543318,-9.607639881843335,0.9177768277881679,-0.4042211287198604,-0.08832479537165779,-0.2541237777219353,1.052609274703802,-0.05160503363493883,0.3587351360451
2025-04-21,-2.5332854220298273,-2.5048248304809335,0.0,0.0,0.0,0.0,0.0,-2.6482547052565617,-2.575241993462138,-2.3943939284074065,13.159022186892802,0.0,0.0,0.0,0.0,0.0,0.0,0.0
2025-04-22,1.7651920782888626,1.9311311061345087,0.254401056444401,0.41257085793756176,0.5558381983177499,-0.08897787262600473,0.7142692197601206,2.5131887692694206,2.310064580775861,2.689706962496208,-10.103320852701309,1.012583360643525,-0.19921638347398504,-0.0753878500604056,0.03800148259904891,2.1292250941806374,1.8310340094977735,-0.14842085889093234
2025-04-23,-1.976703540258393,-3.223532594805014,1.768753744239452,3.0909115511265095,2.105438528619522,1.408746331460281,1.5081025271858723,-0.1844656190337412,1.9979546289039474,0.422184657741827,-7.187093853069918,-1.4129519405897228,0.32425628269618,0.15856325626225248,0.18459102702682237,3.0129462448188216,2.3579058357820077,1.3110469966522795
2025-04-24,0.6482276205560202,0.8316063471168579,0.3554188314521527,0.4658071542978405,0.27253579203497824,0.9581467380349153,-0.21676232054837877,1.5875254872740985,1.8055785881728232,0.15307630192287855,-7.213619709070036,-0.21091061414329867,0.055571376994238836,0.12671916574168088,-0.2806182086538456,0.5118015580146411,0.3966392756024162,0.07568070816584317
2025-04-25,0.47968864416069146,0.3656303886111966,0.35417180590098885,0.80321653239071,0.4452416747047152,1.453698213060055,1.323551330784018,-0.1818836318541995,-0.25594674422703023,-0.30640735188145946,-6.3556727090384,0.3927005358487813,-0.3624877609870741,-0.5440413469320359,-0.1927292371792384,-0.1284209234280093,1.9738667160917596,0.32905052516373084
2025-04-28,-1.5219190923715473,-1.5511644237855737,0.5250846060628909,0.13128736628415075,0.4963604039581637,0.3154492417187574,0.7519210620308087,0.7015022904487354,0.9691437781073625,0.6118687449108151,1.240261816985807,-0.25327013127678977,-0.04639543745217449,-0.07145074137220009,-0.024069469532063393,0.4161426246370704,0.02231790307881511,-1.1695644240698033
2025-04-29,-2.4749562440298143,-2.662035370197143,0.3625036138489913,0.6897959282653499,-0.2364850550001993,1.0857408790666145,-0.6650974727944845,-0.2896825029519241,0.2534813592639241,0.7722076775152938,-3.9745683506018663,0.5801755768966738,0.009600436866372958,-0.41813253270103107,0.08220707634993958,0.1969293204575024,-0.11083187875672908,-0.5452366326787763
2025-04-30,-1.7744064159688273,-3.726300009744934,0.4541185296668708,0.3167675808945159,0.5016598186534215,-0.7154243551166816,-0.5935224749361765,-2.732505028553532,0.3538037309086286,-0.5056884987550886,2.1691076650220915,-0.17440288024672276,0.0009387592575350539,0.00024924732029099443,-0.1765286039792795,-2.632100823314335,-0.740899819615151,-1.3502385406307131
2025-05-01,-1.5808678348420504,1.7539872177297182,0.0,0.0,0.0,0.0,0.0,0.3719735462298438,0.603629032214452,0.2910698798494558,-0.40568160769515177,-0.5667270687163898,0.08246465892832508,-0.021286449442455384,0.04095172225987315,0.0,0.0,0.0
2025-05-02,-1.3612268831950138,-1.6166449969052803,1.6825151689560014,2.5873446492770955,2.299057770279591,1.9043679302454664,1.188743098382651,1.4498352568594266,4.606391395905009,0.7804757028903712,-8.126296612994292,-0.25109355398079714,0.1238038259441228,-0.1526124917213638,0.014047447400949908,2.638860043872051,0.0,1.9935843932454806
2025-05-05,-1.74461529799008,-2.0101176331286186,0.16391399926381947,1.1108538327539232,-0.5490874375345238,0.3853970709548099,0.5288393369237153,-1.8218088030892772,0.7633755120581844,-0.25109791510600266,4.145667440402957,0.2363767033181694,-0.059427687587255563,0.12933422135266387,-0.027292897321171804,-0.9665675508204151,0.9288003998088388,-0.14817228586187778
2025-05-06,3.1380283052901587,3.3732316507285263,-0.17883170696894551,-0.40729886780401225,-0.4020822956271027,0.21807994519757562,0.09021077965837712,0.024832853944317137,-1.0991877596709272,1.2119842962073888,4.628929034110831,-0.08714538758396441,-0.24930695993777663,-0.24170073738925907,-0.05300701174568775,-2.3940658513451587,-1.2229641524559476,0.2747948051996441
2025-05-07,-1.6711715125713436,-1.7412533811229818,-0.5384105708766427,-0.5766766350699066,-0.9146654317039975,-0.6243516639685047,-0.3687430863077608,0.03725238573233121,1.4786921908106472,0.28523185506795273,-5.010366899456484,0.25941151601839524,0.16643748566208294,0.2275921181519436,0.08792374648319226,1.110736354084781,0.9717266628696319,1.9711835120121097
2025-05-08,2.77526884330597,3.1194259420231814,0.4040851497870345,1.0188828880307628,0.882439812756222,1.692280403928288,0.06303463593950392,1.3073734549357705,3.260642884799044,-0.8082058897425101,-4.6499783403509065,-0.32274857133955054,-0.20163832887651,-0.32717182276259593,-0.18235822449737724,0.7008235138049894,-0.10266706192121626,0.0
2025-05-09,1.6884025459029857,1.8358253241504912,0.43406154861126084,0.6259340371946363,0.6388083896658945,1.010934781370348,0.48219017917717133,0.9997567459793318,0.0916208160575249,0.17462548591822802,-2.613938525859149,-0.7277214631164086,-0.2796745380649776,0.6470996609227839,0.07314258077245371,2.6482831103736117,1.4280367023992602,1.994606788818358
2025-05-12,1.6295840485066204,1.5125933600171835,1.2065309996342248,0.2856371756299482,1.364021661149424,1.392344543304472,0.7438654592810311,2.5748477462212755,3.199188793519854,-0.5999940613316278,-17.46796139768351,0.04827010796924512,-0.442973553986093,-0.3721931679113136,0.06787461679919658,-0.370477196682393,-0.35118373173842904,1.0324018220686495
2025-05-13,2.5383203593329426,2.7385844879859715,0.12480824859303336,0.30514304960697675,0.30183291605965373,0.3875053287093748,0.8299212402086524,1.397137831443083,2.4530440071081823,-0.1380188414942658,-0.9287151281460961,-1.201066032481111,0.18658385872818392,0.2642665841362257,0.20693943850455584,0.6192755033133119,0.4266376356951155,-0.1536974217856032
2025-05-14,-0.8137491281628058,-0.8200592311148426,-0.23689980168016955,-0.4730187232063654,-0.47152954390394797,0.6962258026123643,0.5150492306401304,-0.6081147575677841,-2.1430950508307847,-0.4403820135038909,2.171646277508113,0.8076757706772764,-0.08711097564324287,-0.19169665586786538,-0.3471514852271825,-0.6266920014934865,1.4142082525006376,0.5780216489100121
2025-05-15,-2.3887181040497736,-2.4526397124652957,0.5628769618943524,0.7139835403582895,0.21261829689373513,0.1535109739911996,0.6481744147103866,0.42139679820014125,-0.5319209537707038,2.1087491737778135,-4.335388932444697,-0.032425159137525965,-0.1313896125980087,-0.24392770916366133,0.13298326741754937,-0.5766358671599103,0.23356184527878907,0.20507275338942582
2025-05-16,1.3544994929198517,1.4020094966139727,0.4214522639842224,0.30271946168040276,0.4221021330884327,0.5846455135987852,0.9594732863002162,-0.15196374536404822,1.0610190161629358,1.4586367518447583,-3.365017563674573,0.09621084651180851,0.3488957155905449,-0.12392399424725226,0.04174971402217521,-0.17029631756936708,1.4206839598178564,0.4239493952614177
2025-05-19,0.1985449279539095,0.3195352579058796,0.130994289231479,0.7024863931832367,-0.03880781957834292,-1.2100663594456016,0.24499808089842798,-1.3070418578239473,0.13184036745766242,0.42499105961849476,5.0887159080928255,-0.04588280725392244,0.5993328035553181,0.05316265607924275,-0.12368431901309586,-0.8450930669999052,-0.6936212613660792,-0.5151938335036207
2025-05-20,-0.24442979531048362,-0.20758051911769232,0.7318944016054223,0.4216250095272731,0.7429562046637985,0.8799273520607175,1.5790717906598357,-0.9288178547779176,-0.882231252007059,0.2903728314932743,-0.27601031981324975,0.40917558063550596,-0.6023891890358819,-0.2663623538312022,-0.10613592904302883,0.3378218204104313,-0.2098368153725184,0.27348392749126116
2025-05-21,-0.7214607822912097,-1.5951384222085634,-0.03610850020867008,0.3583628662661676,-0.4028248487076734,0.07154046658407902,-0.11037534737966946,-1.8595067153175409,-3.1048635315599014,-1.8411830738942092,14.295345345940378,0.48420861851948915,-0.13701524294350015,0.10105758095669841,0.10814391854207242,-1.2704959125402882,-0.38552117702729666,0.32063020745109855
2025-05-22,-0.7267155268361538,-0.6027531981941245,-0.6430635075374602,-0.5121642428683503,-0.583843139288808,-0.7276539382869972,-0.24562284597485373,-0.39075547877081734,1.0004692371634956,-1.4377973124285839,-2.8677548720296264,0.3822646550956042,0.012039225386036998,0.11015517193299863,-0.06511925739944155,-0.8033398538051975,-0.38143990626662794,-0.722639417029482
2025-05-23,0.5262298704079937,0.5377638928633733,-0.9384795068689598,-1.551992283026119,-1.6673426098273338,-1.9616341645224613,-1.1869101294510132,0.31759963628976073,-0.8178220515465273,1.191371122191332,9.45029758899914,-0.43642429234250074,0.23096229755664027,0.12293419824894401,0.04502221667851382,-0.801379751120474,-0.032679415282158134,-0.41377814005631824
2025-05-26,0.0,0.0,0.9802648876506973,1.670594646885294,1.204574257668838,1.2911848963228445,0.8296400597549065,0.0,0.0,0.0,0.0,0.8030940913750891,-0.02048768671940368,0.1981120569812501,-0.28010769100044713,2.727402179123363,0.6612809543830861,-0.3701200760572929
2025-05-27,-1.0708606523327706,-1.0455893316601546,0.3300645553098469,0.8241405467777966,-0.0171172227000579,0.34201723452456034,0.12860027596689488,0.8622374076671917,3.8483529751388335,0.7497146381818813,-16.180673993166565,0.13771138296125232,-0.20623309820743552,-0.6301704428639097,0.19809105738758434,0.7745712333589246,-0.03761903127933591,0.5148379016038926
2025-05-28,1.2559358845247062,1.548145914998551,-0.6156686232152366,-0.7802879366781892,-0.49555290167353705,0.007476356027551996,-0.9830588951456807,-1.2777721915393603,-0.5723129793245828,-1.405697644958046,1.8291620243806275,-0.45223434677077656,0.1280382121803574,0.5974701478804803,0.09568336730586055,0.8123406504432724,0.8595607673076546,-0.21946314129583927
2025-05-29,-1.1623532373520933,-1.4660655724199616,0.0,-0.43759034871213576,-0.10765647924549204,-0.36199812346158894,0.1134060229773562,0.744315442963479,0.3965672346780862,0.6929919599003859,-0.6754983416935554,-0.9163703876655521,-0.1941227327676749,-0.11503876449361998,0.08234411185093862,-1.803478598539876,-0.7053533245015896,-0.3713238965641811
2025-05-30,-0.39047295850964114,-0.24644342013059767,-0.04737787468513562,0.2680954954619805,-0.35836732031680046,0.2597728449714891,0.2518720639303493,-0.8914078944562224,-0.08799306470793322,1.0183543270015472,-3.232072643563005,1.2798111458263317,0.06301309837627146,0.09322758328783651,-0.03373235431196531,-0.5073942751020608,-0.4936992181089119,-0.4592371931123696
2025-06-02,1.135927151513094,2.806119605402807,-0.13678770375797644,-0.27879477762055266,-0.18968119490242466,-0.2572718132957861,0.3569011679479265,1.3038676167058112,0.39534782873295177,0.31688209289391744,-1.137294049491507,-0.22049726468498554,0.6165185337233027,-0.004455087743080344,0.019678589486274548,-0.6006762984085282,0.5043566446062829,0.6624107495574152
2025-06-03,1.5354209858351435,1.413506243041926,0.09486292407511099,0.6703129923146394,0.3437146745901829,0.22483708789573764,-0.525213083628058,1.1794672462476579,0.13143603767329654,0.26734745957184075,-3.717488007439647,0.8780564361130163,-0.3184905103469116,-0.13517652492561547,-0.20863376576026404,-0.8734125687289078,-0.23981191294527013,0.14783949174828173
2025-06-04,-1.1801756346676295,-0.8870664547419721,0.46932526404511027,0.764397318657241,0.5245225439135397,0.01746615936072196,-0.19200058148226715,-1.9694983295618425,-0.26304505705182035,-1.7630291785479764,-0.4532581194009188,-0.6040683214396936,0.42910531772358046,0.12203702032048658,0.055921671219454766,1.3827727355553483,0.721525069828243,-0.2903417251099929
2025-06-05,0.7373239836482881,0.823963572205525,0.15594986069790664,0.19382537219268017,-0.1846740864712302,0.7407441277861817,0.7235529932591743,-0.09767211423585796,-0.8375590245607692,-0.16069343236174566,4.822208427528902,0.3295512803373316,0.1565825116741751,-0.0820834374308724,-0.2847449025540634,-1.272629483318219,-0.09071164852592027,-0.13946002051813494
2025-06-06,1.7146386292265985,1.891424720320025,0.31840422994859424,-0.07863422507201467,0.18723912441610935,0.550747863512056,0.3085936263137967,1.8635571679993215,2.879780957166772,0.4443869746312396,-9.709743831107769,0.2779412678818525,0.036482088000674893,-0.0034752369496093404,-0.04195788491789261,-1.2682902941265117,-0.039558771575366296,0.6032343233831183
2025-06-09,0.8538733412048536,1.0934105537609646,0.0,-0.5368985534032307,-0.1718339732992107,-0.3454064422921411,0.02596728582062752,0.19164749377501958,0.3006146563159369,-0.6425366070181062,2.2989482036049296,-0.4023623614523357,0.07968579415421612,-0.06775717651373976,-0.12354439086600426,1.2082937311541193,0.0,-0.07883763314541867
2025-06-10,-0.2538992690918894,-0.4759317319035391,-0.09397151413659982,-0.7755540207321172,0.1649144763876708,-0.6297281253985617,-0.21213671667697423,1.7672157425029023,0.5132649803850327,0.23525416515108305,-1.231320633011249,0.17697730981871201,-0.2868023503469759,-0.29786964498658547,0.042009742671627104,2.2205844848325738,0.19458720595790505,-0.3840106752014549
2025-06-11,4.245359269751738,4.763159863056644,-0.26792811850718773,-0.16129753375917483,-0.3649523450174926,-0.06966214144479978,-0.6136460007611202,1.4356945756586457,-3.3401496606770142,0.061813542567675114,1.8123820078471167,0.08232114164616172,-0.3985876867717902,-0.24033171058667524,-0.01656142590421104,-0.5095223317722155,-0.9108472491130412,-0.34970908706039205
2025-06-12,-0.5893728564810676,-0.16153995491640902,-0.3268310504796811,-0.7437162185494022,-0.1388589410725202,-0.5790751005900164,-0.3203008708681352,0.3470576489755232,-1.108903340641566,1.2039506502070272,4.309057866717449,0.6264395784009404,-0.06493625469491072,-0.19063365176015393,-0.055350466060749504,-0.8736425312686747,-0.8684930791476638,-0.18695071249798065
2025-06-13,6.785808508081346,7.00896960229113,-0.8951674315960543,-1.0794406908492782,-1.0411845583307602,-1.2823433937470252,-1.2736169676212927,1.728808354653618,-3.541002272202277,-0.5756100267972087,14.443177094572333,0.7868715947294892,0.3617950331696328,0.12021579574139718,0.09532429798233341,-1.749469439791814,0.3299700083839191,-0.020483503868058788
2025-06-16,-1.3563207438924145,-1.6718962337808014,0.3608504620243054,0.7747039387988303,0.7462322248616076,1.2347702491413444,1.4289336434242526,-0.29554954724794025,3.1835423751409664,-0.49248905033133794,-8.57022583379658,-0.3763006263429779,0.2824218090771399,0.39015234463300175,-0.04361000982753653,0.26774962611832004,0.5025786977375417,-0.010708956189650613
2025-06-17,4.303167354278252,4.1885937804886915,-0.8538596735714998,-1.1222167382693211,-0.7585977890813251,-1.3667064314748336,-1.421022105227911,0.9291958206419213,-3.0911598166955807,-0.8303905827937372,12.248154215971613,-0.0462123689916828,-0.18959647380545658,0.03756388105476736,0.186030283985727,0.5212678693967386,1.560484573141266,-0.09969486744993543
2025-06-18,0.32647761282511134,0.40005795495912455,-0.35655135786443914,-0.4998243286120008,-0.3599760482685154,0.08121209491352102,0.08263008304637148,-0.6563423035231193,-0.13860141675754528,0.2610201841476898,-6.9985475365778855,-0.5965765260147934,0.10420145364348475,0.4013732933565214,-0.04032464198264532,-0.22595315218503276,1.2678255308123265,-0.5726040545209116
2025-06-19,0.0,0.0,-0.8307190058070772,-1.1231540714336596,-1.350090492620585,-1.2174573875788872,-1.2888652934557285,0.0,0.0,0.0,0.0,-0.044775907821049475,-0.043065404601327545,-0.21277279251083386,-0.05446368831013886,0.0,-1.1263591942512556,-0.08113058012549094
2025-06-20,0.4033642705836338,-0.27986835739336346,0.12496275111727127,1.2634642893824024,0.4782376818285858,0.7393890899045672,0.7639004309386259,1.0166186796247554,-0.27778047881092355,0.2727163003040987,2.355366230380821,0.30692287281142316,-0.0025791547910211897,-0.025822350706293278,-0.04763194386541218,0.4503001971955254,1.1416402872464535,0.41948019825160215
2025-06-23,-7.451757403632567,-8.957459725292965,-0.2799658251034784,-0.34981496101744397,-0.6886989619130255,-0.9990860847855021,-0.07872540727090843,-2.5613642395477405,1.928434294936648,1.2597395367687554,-3.90655806044794,-0.10355737465834497,0.012415060958597903,-0.050914110997541596,0.09564125700894142,-1.6178779938476346,-1.4088946536553877,-0.6458680944232525
2025-06-24,-6.263775479332343,-6.2332022462911825,1.1059398635283295,1.5884607191807292,1.0350189648719705,1.6165837587295993,1.4041682126797788,-1.3104078917959552,3.0013521925116105,0.4298912416698107,-12.613859464476848,0.8500688032483908,0.03791668142200328,0.018134065376614,0.05765919301438078,2.6094941903513904,0.7957813454094501,0.7518638691860149
2025-06-25,0.8010737345906661,0.8507985708414681,-0.7421459987920984,-0.6077671360566833,-0.762222023922268,-0.39343647263068343,-1.6038021881245708,-0.43672289908423056,-1.6014636575184604,-1.3449427004341696,-4.206223532916502,0.11372788709159799,-0.5211520527018614,-0.3852591761183931,-0.21508562760610903,-0.4913051941010308,-0.12346548833008615,-0.11487276537534058
2025-06-26,0.07385429832113716,0.4917030567025608,0.0930700173611832,0.6404191106162287,-0.011248047795579433,0.08135248955094615,0.026786514504008454,1.4211305905566862,1.4689743683933074,0.828850996918409,-1.0194995310435646,0.6138461676132699,-0.06989017607108562,-0.10054428449654186,-0.06708178282113288,2.298811283575152,-0.12490756670348639,-0.4819399293629118
2025-06-27,0.05903068235299824,0.4282643300932393,1.1377363705396442,1.610351996933783,1.7606983762102693,0.9887175482506234,1.104943848063234,-0.5261578048917266,1.2297120310756209,0.19692466207947337,-1.640878256347104,0.0724660809128604,-0.1901670185975452,-0.27143941250870274,-0.0768412945048423,0.09131690619014098,0.2657871213559666,0.25226607272157686
2025-06-30,-0.2363659483687355,-0.6277231686631751,-0.4165922643588,-0.5156625165165041,-0.33390511614084956,0.12573240774243377,0.16380299221762196,-0.5761021181054122,0.2615460124793606,0.40493350855121923,2.4812156800422502,0.30093924011487483,-0.07079256006199922,-0.22425275937399108,0.05137034299240522,1.0496419476312842,-0.3147269746809988,1.0263907006296387
2025-07-01,-0.7422836865179386,0.5208289105661505,-0.20709593434599538,-0.9933075256939017,-0.043322080463573095,-0.5822102567377139,-0.032166636857611196,0.7634953440155201,1.9828304993005383,0.34230363736775316,0.5959516032616415,0.5079122744651506,0.11511927543720205,0.1078038038639372,-0.0715970855390793,-0.665391471304072,-0.22114703763687873,-0.2850089195788902
2025-07-02,2.936637366995736,3.0100091680430325,0.17754187955645478,0.49225530509912163,0.984749598478446,0.5646172335826533,0.4081000152371555,1.7054846801527295,1.5248046748916502,-0.8702684086233191,-1.1353604956222914,0.15571728454564676,0.11193248276609281,-0.15999534432234472,-0.17455513142988593,0.470147274960123,0.7514509509839642,0.1152154144428848
2025-07-03,-0.4495657638656478,-0.6693918018056346,0.47005768152625144,0.6035587821723482,0.20822203780114823,0.3963481006359181,0.9799088683704386,0.11497078707189236,1.377609167948807,0.7481440929072546,-1.574837152360857,-0.044854130647288507,0.3190640810850483,0.355253333187485,-0.11315964676171225,1.6536113719706744,1.7294003700586198,0.5311513252644816
2025-07-04,-0.7440432916781375,-0.7490671729157625,-0.48484362457633035,-0.6147411813176498,-0.7543944232892061,-0.8068918283722535,-1.491014503677916,0.0,0.0,0.0,0.0,-0.24396416038004945,-0.4840515028201991,-0.365287399233085,-0.12140910072126732,-0.771541426297173,-0.3105431120746269,-0.6175504387773226
2025-07-07,1.8713839660154072,2.127582003390581,0.4370151809205044,1.1960611051048056,0.35279742864097335,0.7342619993658669,0.7259054358260365,-0.9698770250543646,-1.2935801733262438,0.20751508154452755,8.257552595110282,0.07889830282926394,0.04315003893045659,-0.04293572548113356,0.025190797565292966,-0.1117560482035534,-0.13105305142681695,0.06503853762480932
2025-07-08,0.8158632260514456,0.5871167894201766,0.4058032814409023,0.5519427165647628,0.558287352538978,0.6716881065722345,0.03338882791453188,2.6561387362272435,0.5445142592288833,-1.0665197594857634,-5.666263749048405,-0.37627227491737414,0.11548119387910583,0.34943908983365635,0.010148912444281812,0.9653511047841352,-0.47664485489749475,0.3028007887362022
2025-07-09,0.05700572250220184,0.07314084547858204,0.7757848886548812,1.405581769985275,1.4285802082705257,1.5752634265315157,1.2345819652344425,-0.5097264859319595,-0.292825930797634,0.9323028718445915,-5.314226861298359,-0.10205990022104786,-0.07940779373074072,0.03602268108778583,-0.007305563647046903,0.2809645873662494,1.0685990572308617,0.3826358449079156
2025-07-10,-2.23304392375125,-2.6826323016373506,0.5385809723223786,-0.3785226641882228,0.3015080708504444,-0.7203561617511651,-0.794487777092996,0.7579762140049661,7.036039528044983,0.8147306774933921,-1.0088348541556766,0.05630181784850364,-0.049746247390543494,-0.10085496144552002,0.0406115502334848,-1.638448343162506,-0.05205758804405125,0.6684006772388272
2025-07-11,2.4749482256414015,2.784948612237677,-1.0161167381972802,-0.8273142075439126,-0.9275695052041609,-1.1165537927367197,-0.9406510026819741,0.44979107325775214,-2.2907748629763183,-0.14544043572647922,3.8538013074052886,-0.24255019929678914,0.18495342257847033,-0.22460611206004708,-0.04548480512594057,0.36242644516729716,-0.07640085055822686,-0.604770137967175
2025-07-14,-1.6479580918533128,-2.1709389666200556,-0.06397277376387493,-0.39106963815346174,-0.2701222587600574,0.26911209304090367,0.19111871306572428,-1.1055944275314382,0.9938451557297417,0.3994533138490545,4.762811660654813,-0.17655424559011193,0.20386877701097997,0.3157046214140682,0.11286064574540988,0.6563683048614137,-0.46802032622427064,0.1427907069391971
2025-07-15,-0.7250611907048874,-0.6891513624805755,-0.37364331302362647,-0.41621639408957545,-0.5388344547416722,-0.6616175032646225,-1.1558405866961838,-1.4512183673218082,-2.038035636383379,-0.9589206633337608,1.0410643373586315,-0.1354126490910551,-0.11752532893533646,-0.012002199806907643,0.02353175061894591,-0.32137481358171827,0.3335744385105583,0.07867802919417767
2025-07-16,-0.2769111254578329,-0.21068389445210045,-0.5723265265484376,-0.21181015904799122,-0.5697234310173513,-0.39656695714570267,0.07924958156890331,-0.8670166137382048,0.5636085211843204,0.04876304260943661,-1.2738986382189699,-0.5062042569506026,0.19688827974140388,0.051525979240438086,-0.017851432717736558,-0.06865200153242841,0.046838729802503476,-0.20856313139571603
2025-07-17,1.448880820593591,1.7324263597579108,0.953289461115193,1.4946392641384503,1.2855243781701402,0.916243329687649,0.7804847614121599,0.6134740082018925,0.7598559890841419,0.4136421341295467,-3.8009289365250933,0.24404861817701115,-0.18536051958140468,-0.14239087139306242,-0.10026554560947784,1.28813708451466,0.8192509921405929,0.7694747165143491
2025-07-18,-0.3458186035497487,-0.2965669162208492,-0.005489665928426942,-0.33464555097970905,0.008564218724395828,0.4549926423162524,-0.03930887895239078,-0.8110382703874607,-0.43921666214128363,1.6614899439955617,-0.6680899998967385,-0.17437986838320166,-0.011527760160001373,-0.09821466874792506,-0.030060534239356052,1.9932516814362544,0.6019192187707038,0.09919615365519499
2025-07-21,-0.10108990088111346,-0.208115723450823,-0.0768088158599735,0.07527583844816833,-0.3130388445620503,-0.3603428394944704,0.30334956614443304,-1.0407634869622235,0.11997710792609848,0.3218586289653709,1.4519297711828363,0.13133100172193407,-0.1859621125940921,-0.0208098824434162,-0.005277020934610271,-0.48392181942051554,0.07532993479145914,-0.0022845185035692854
2025-07-22,-0.8998649505592556,-1.4841707006914906,-0.41066133027623997,-1.099916090184699,-0.6924217111446554,-0.004979335757644112,0.07124283420341454,0.46909731847693736,0.5182412898692983,1.2184529847950427,-0.9049812608822908,0.5469826150893581,-0.045726867780976524,-0.019054020731489648,-0.030071160371963897,-0.704524130528642,-1.019784717911038,-0.6596629351145112
2025-07-23,-0.11669469238256022,-1.4605448906322376,1.0744044041475973,0.8239844169913363,1.3597016791961873,1.3158410032342396,0.18784035248506037,1.5556432871767814,1.5779386138331546,-0.7553406752818095,-7.094283080176362,0.38079958892339527,0.19570664542874383,-0.013799214109583999,-0.01625614226254269,0.5919160895410304,0.5540444746756185,0.8436279104100083
2025-07-24,0.973205672425079,1.1883119516578307,0.24143292810658742,0.22708318411005343,-0.41037757193115243,-0.23863130504313035,1.331730904252888,0.7116620337499642,-4.523482198568192,-0.13039825224430238,0.1300420054187293,0.29862395798766583,-0.09344852072101452,-0.1099106213901807,-0.15335788906090272,0.73441232482848,0.4973715694436834,0.4622960097350479
2025-07-25,-1.0754323224147226,-1.3263325783737057,-0.29050870834152487,-0.3233321425960863,0.20827246909930108,0.3098642520636232,-0.1347675518892233,-0.37815688410375664,0.6530668324789841,0.26060824968557716,-3.0345338167419174,-0.15412344485053925,0.10591144955346556,-0.27934017501570974,-0.14421534717365467,-0.18208553607253333,0.009371054299783205,0.31003138742600156
2025-07-28,2.310903579293866,2.3509013061790327,-0.21661819459783144,-1.0257471285291986,-0.4310745904875104,0.014731518109585442,-0.12017648375994117,1.1302074243959448,0.4060105486767681,-1.0705260200140312,0.6675554006955609,0.005870991801312067,-0.1930748113228803,-0.29755382287924365,0.04687726017906579,-1.91980054295881,-0.07303855501147423,0.5046867937720428
2025-07-29,3.465799235554147,3.6790494628085098,0.2911377689746907,1.0252067765996018,0.7214121936561871,1.2249134438957328,0.8926161518123712,0.9715390982869285,-1.7576635729122296,1.1415100849437425,6.128972569359601,-1.3708151840823464,0.4092628874198022,0.3025866203922991,0.15268453152515046,1.5143139198314115,-0.23568141712762258,0.4474782941783352
2025-07-30,1.0017177794086625,1.134989442383949,-0.021805400749550532,0.18503281666010313,0.058527949542414213,0.9750053105205488,0.22903846498622316,-1.4380456521565559,-0.8281642922994846,0.7420959546090802,-3.178907310180721,-0.3958249450338669,0.3998805174752002,0.5794110912670544,-0.028073042717356406,1.0527424285614995,-0.22245352588618392,0.7582830803411832
2025-07-31,-0.9741438093771038,-1.0627672231444092,-0.753413510427337,-0.8142374745783153,-1.1512235113393765,-1.5733870916110388,0.11398026675722613,-0.5374896173159988,-0.41666035877732444,0.5383915181323312,7.7056727998955745,-1.0582197162933813,-0.13826591736214075,0.11457396512617377,-0.05088840912414578,-1.0707043594834567,0.39668875781120294,-0.2610432515314214
2025-08-01,-4.0230469784797664,-2.826164006549793,0.0,-2.693279618665826,-2.9484853831122795,-2.5825903101614127,-1.895321394560261,-1.8750521374582134,-3.527029887530698,0.1516306444032361,19.794842002607435,-0.049137830304749996,0.06693681205300564,-0.11557468919970745,0.002034791043730231,-2.247809394898405,-0.7196593363006439,-1.1863610510202371
2025-08-04,-1.3147571177630795,-1.5566859688174843,-1.0140805150447059,1.4060978493706018,1.131236839845397,1.8700941822260835,1.8195797872000838,-0.22224158043100856,2.0548689091245347,1.756043528265764,-15.121087497900549,1.416251795155252,-0.29217012445919893,-0.6305409093047498,-0.04031521738093595,-0.15992870798066913,0.4236500494737133,1.2019715207709942
2025-08-05,-1.6422696575722582,-1.719323012859795,0.1478833593217128,0.37131924603535577,-0.14383652573397185,0.1154209924185213,0.14864688580678412,0.1287311785972831,-0.08478517542640365,-1.0707590811839918,1.8660417960192417,-0.022019763958905744,0.25403123058272087,0.4318402319945984,0.07369696452224092,-0.5081930789001047,0.8294868917665628,0.593172713886094
2025-08-06,-1.115004500123869,-1.2508929605690622,-0.060974824317049744,0.3277723608663236,0.18339913458942048,0.650734982166433,0.8920675871432903,-0.928161775328902,1.0126679294245888,-0.8953000463302422,-6.241192646480223,-0.04284953923053027,0.13448135593572644,-0.21820308724346824,0.03703378736938538,2.3094360369560523,-0.6725348796665053,0.5641090477047235
2025-08-07,-0.6900703734515914,-0.73305702624902,0.9161850257239381,1.1145507176971277,0.9683123941197154,0.9295845005702821,1.055870086602362,-0.39027686885866475,-0.9702704318724754,1.0803458036376203,-1.1997790110594824,0.722829223279895,-0.17427601601756643,-0.010809118533813554,-0.1082911804263278,1.7827711847081609,2.122631676245596,0.8314979223239871
2025-08-08,0.2405594856549754,0.0,0.18845509630557855,-0.12259500951076373,0.4359245666644066,0.556513957833162,0.9079944781584758,0.6378466715847358,0.3807951089210626,-0.4284221728722815,-8.959330624524583,0.11553279826671148,-0.45598205843911616,-0.30616260386366523,-0.4981828415909888,1.2271440646311227,0.9764243841804934,-0.09185347830066279
2025-08-11,0.06005242253979446,0.12515335842291375,-0.05851081062891669,-0.3379457433411005,-0.5761104274427536,-0.09614460888678932,0.20888931872681654,-0.8038816365328024,-0.7204958309788566,-0.3137789340823621,7.0092401999888505,-0.24606864217707708,-0.21145140363549234,-0.35922027871622964,-0.011048990806966627,-0.9227837884717853,-0.09161693291852313,0.09403943788234129
2025-08-12,-0.7683570860866995,-1.2428397727227305,0.20645964628009258,-0.23514918246617772,0.7105921141540014,0.840532253724041,0.020862323921640412,0.4854622473126365,7.060788204346976,0.4297476305645446,-9.820670937817152,-0.2536113858242601,0.3148864898589443,0.06653566176177743,0.08920817820889211,0.6573923462183499,-0.1530290526456186,0.3129729063737409
2025-08-13,-0.7438447856035271,-0.826577022677899,0.5387931857212308,0.6671226383482204,0.6626711524898011,0.5967612008704485,1.077027225716479,1.1509191116810704,1.8846203573814846,0.2199734001456663,-1.6427458860831907,0.5031817232867205,-0.10954790839702773,-0.05286668316301378,0.009408699886896084,-0.5706021427218559,0.6788604479221013,0.19505744703130892
2025-08-14,1.8268782301862363,2.069416795400631,0.5467497890128007,0.7903580923874695,0.8340505879552831,1.1032643730321727,1.234040302284619,-0.09345578466305145,-1.2130781969921984,-0.6963084614839823,2.3193410468529696,0.3064079840358307,-0.0016488435465996038,-0.0761994143930187,-0.03518183657930954,-1.591493785971525,-0.01647071846562121,0.1881656151374299
2025-08-15,-1.4922243920754084,-1.8302812326256805,-0.0559850408135798,-0.07468368585616385,0.6725498011945383,0.0,0.46451161038157507,0.0,1.0184152059397815,-0.29155726590921915,1.7380131886339893,-0.5268555868744071,0.15207270318807206,0.0187385118499459,0.14677823988540184,0.0,0.40393776252779834,0.8128965994888157
2025-08-18,1.132514961799989,0.9824178912884366,0.08126118056985694,-0.18297735175455593,-0.4985035232452968,-0.028137310258792774,-0.16705486017529247,-0.597844928721544,0.1946629910524305,-0.43308579708019573,-0.6648986046074562,0.47300151767677895,-0.07377703973128108,-0.09498830019062572,-0.07397825189793375,0.41882398243594476,0.35405835148724074,-0.2638990436587706
2025-08-19,-1.2236689621437815,-1.7015592585072035,0.6835643475473373,0.4444224850851861,1.1981419930555206,0.8848685498934444,0.34101657550918923,0.035259441907152106,0.07776370208839457,0.9689060878182456,3.7962669400126026,-0.3272595167235942,-0.21459307934366492,0.001268341749127839,-0.052753640984702484,1.040451624310056,0.9650543097742841,0.06474559524508874
2025-08-20,1.5833783924191918,1.369885434705882,0.22921117903315938,-0.5999996904570855,-0.07585571201202469,-0.363272644102836,-0.07648211758376994,0.831047188020961,-2.0020250891249964,0.10449274000664313,0.7677573755064212,-0.2214521376242774,-0.14237722652426132,-0.30481778465712395,-0.028638868899565274,-0.36081547204527215,0.0,-0.3120275663554295
2025-08-21,1.2341274247542464,0.489232214518028,-0.0035807989268387195,0.06740389781510583,-0.4366677519980808,0.3446753453068837,0.0764821175837668,0.6853672245751422,-1.1164389061982418,-0.6870400871927863,5.637917834187324,0.07919897481926959,0.15392307010641834,0.10441372785314303,0.10796549756956957,1.263821463390544,-0.4240236392740914,-0.023376421089815674
2025-08-22,0.0886339604732528,0.22015953115401776,0.39807981707780116,0.2867043399047512,0.39476970880167683,0.6881159642747239,0.6058532123357253,2.0170271835021185,5.004949079798063,0.5360700522461517,-15.47532751891094,-0.3326823261899247,0.14944772950858778,0.45300132926436354,0.404660624116817,-4.734842827843059,-0.5470676516077397,-0.4378007647922952
2025-08-25,1.5674526505964206,1.7749230996228442,-0.44280693707920493,-0.36997458326308835,-1.6019069546807114,-0.18951217856160704,-0.856430261677463,0.2606224673871642,-1.692343712783933,-1.1337824706651602,3.9301830989975777,0.8279447377107846,0.0007064760699006347,-0.3824305106910458,-0.10427238798052649,0.867242771269994,-0.6481673252606655,-0.11355949278864792
2025-08-26,-2.323294883946215,-2.4210522845626263,-0.8301776374298673,-0.49663518052271893,-1.7132967736187277,-1.334393308026115,-0.962331985266632,-0.1585511568849338,1.7685954227671652,0.22308956977751196,-1.1560827649531318,-0.7814853701171973,0.09144090100821066,0.7397240854721662,-0.01059491292038278,0.06502476502819513,0.3087716377667465,-0.3969470860993318
2025-08-27,1.2271933486510864,1.412898724012466,0.10099509361886302,-0.4425743273387093,0.4415781825334486,-0.7199692292265513,-0.6529469812485,1.1158126848018628,-0.420087363350878,0.023458515432122667,1.5609444442969123,0.18025532981323705,0.0051647340097831,-0.2946273686697274,-0.12928146441533583,-1.768581981233781,-0.8821012156009644,-0.05333706527767966
2025-08-28,0.8341303512981927,0.6990272320384998,-0.19667948612884387,-0.026165613861882108,0.24080088281841264,0.23114308135323375,0.3356343389901534,0.7592709732459629,0.6865004359135518,-0.7651176912876367,-2.8690497002423307,0.07335605601103756,0.19270811141582767,0.07979897709734568,0.045283087183054196,-0.993520788241135,-0.4616995084157367,-0.18865658944534316
2025-08-29,-0.7313181342025982,-0.9175032640841454,-0.6395992613569764,-0.5744816120578837,-0.7590660739256443,-0.5930809062362671,-0.9037931435731048,0.543563915218262,0.0,-0.36697860979673225,6.2457311433301985,0.2881115096789412,-0.10088536763881849,0.046178018928751924,-0.013460607940280117,-1.2294537013755562,-1.1607803826275527,-0.6368762393018941
2025-09-01,0.0,0.0,0.234207287494582,0.5637079353084632,0.051908279896024576,0.5058753666937124,0.02410417959640625,0.0,0.0,0.0,0.0,0.08765237913422871,0.0049246913963381725,-0.013875809219873343,-0.3060285937461499,-0.8411083138092157,1.1233668768218714,0.16213100032682784
2025-09-02,1.4862529551468613,2.438383494499543,-1.5092575812242688,-2.314691170999559,-0.6984715134196519,-1.6211817182311554,-1.586886385832148,0.1437124093043528,-0.15214807544857994,-0.33261651381728885,11.139697398504477,0.20599100288224464,0.001645240579256722,-0.4081095014547487,-0.08801748611635317,0.13310705899501069,-0.8752123376550075,-0.5495768417326524
2025-09-03,-2.2525465188970037,-2.500894692781603,0.6624266337513017,0.45652517342666027,0.8515744374027925,0.13650571492116503,0.5777553816365479,-2.268129065585368,0.6450421003621835,-0.2501904376996142,-4.893575867808498,-0.6842020775140264,0.03308933013442914,0.1736624370457794,0.21152667881245735,0.4352368296450906,0.30901697611179946,0.03186517517404653
2025-09-04,-0.9064637845365635,-0.7689354097416977,0.6035368706493355,0.7411785726828213,-0.2696744369638485,0.4894071242702475,0.86778998119488,0.6645423055393714,-1.793602955236337,-0.11935999799448911,-6.637507981002318,0.20966619985556645,-0.257494721695941,-0.5895469924983119,-0.21808111463471508,1.4986823962215117,1.2864445630006818,0.6914461428832411
2025-09-05,-2.2493179990173053,-2.5689496168026507,-0.16010279845367273,-0.731941000191114,-0.31404485606954197,-0.9139038225330536,-0.45281383969741995,-1.9497319954131238,0.6142084944091653,-0.311006261825864,-0.7874048793430576,-0.030316941098476744,-0.04564183914415708,-0.07762830925704821,0.06960818869577846,-0.8236869428186833,-1.236945351301745,0.398666378930534
2025-09-08,0.7907532936617526,0.6283745775436739,0.5139545578403953,0.8866394135323415,0.7795177839287635,0.2784046342953351,1.01363742573357,-0.2292038192679752,0.0,-1.0235435702161015,-0.46220385082009574,0.48142724942731396,0.054345979909068504,-0.1207644069397803,-0.25819891193805244,2.0288193250020132,-0.1989112106665138,0.005252307733903348
2025-09-09,0.5588757959818188,0.592527553722159,0.06338774483408638,-0.37319583855862204,0.18793698194585287,0.6783573521833518,0.14454223936591454,0.48071737669487097,-1.3873032079429006,0.6875342484564738,-0.4643437577763262,0.47667957448526715,-0.09365414769154803,0.17651002503860042,-0.16921851713209776,-0.9159694286722321,-0.3115838930809344,-0.16382674828018418
2025-09-10,1.643297356512486,1.6469051678726028,-0.01811142086947922,-0.36113017035186207,0.15382519410649947,0.12370939389956569,1.280378895898693,1.7318917705988983,0.657516397589736,1.7043378818476527,2.0402182899328007,-0.5656694013072185,0.04801628201106837,-0.04581540310382978,0.0813587081624983,-0.8828132952903448,-1.097716378803817,0.4230352370368687
2025-09-11,-1.6734218562049485,-2.0629091857851622,0.5489331557083974,0.29871695487934613,0.7982183480124163,0.8805624288843479,0.679792297549328,0.02243674840280699,1.4542862957246927,0.5303928671239789,-4.258796167803965,0.0058570281119961695,0.18831810351380776,0.0045840388746861225,0.14693774112929778,1.5623470547507683,0.7374304307135524,0.13741808882868894
2025-09-12,0.9298134090662318,0.5117549967248644,-0.08827301166421136,-0.023205869540965717,0.021985317977500564,0.31530179772148104,-0.08553590606233509,-0.5964224178742807,-1.261722516652366,0.5041927519322599,0.33932974726116655,0.2671941133232542,-0.12480323203388727,-0.39053582199263703,-0.14611516574367725,-0.6735404472898938,-1.0656957876652418,-0.04491275881254686
2025-09-15,0.6695027263380272,0.9683393717559274,0.4172571321915232,0.2137500505618626,0.9119661776432255,1.1399329231643112,0.5660606296681179,-0.3391627298845919,-0.9665634786321492,0.23363538426512628,6.110270532150231,-0.07038362821511884,0.011762986269088149,-0.31639893909359146,-0.15003211487677454,1.037405362519099,-0.5542213757344596,0.006978062718170654
2025-09-16,1.5157361066503232,1.9089884130283317,-1.1498832232797207,-1.7826983544726012,-1.0017163965959055,-1.2833425702932886,-1.5171229852050674,1.6622090963874852,-0.15551993949758525,-1.837072887568348,4.181582848142494,0.31711723364202105,-0.14331334501508103,-0.19787376813146418,-0.018094008860973194,-1.6399403707171845,-0.7607718342618459,-0.6313005897130864
2025-09-17,-0.7623615275925971,-0.7311125238423738,-0.029048527925468793,0.1282521759312154,-0.4003828943867309,-1.302410074728944,-0.23835609492247425,0.23363306841985426,0.5819587054784555,0.24926980886747974,-3.9905564494527264,0.9111157584802068,0.036498639172102665,0.029278099865294546,-0.009464172464065428,-0.2172925924565152,-0.5319606287834647,-0.15636189537467138
2025-09-18,-0.7533745790577349,-0.7522419841542572,0.7923063090396173,1.3409715784568172,0.8647497464133467,0.8378578143773614,0.31812606859477177,-0.31163221422710535,0.23184145784397986,0.0711178371034137,-0.1273103782080926,-0.38034942077854283,0.11997774194876121,0.0767643257059353,0.005344306978272681,-0.14085310925030192,0.2883066995441782,0.37336968540592835
2025-09-19,-1.1333287435445072,-1.4099233791081183,-0.16048882196875988,-0.14845158733563144,-0.01298709657004487,0.009454029787235098,0.5605187680107587,-1.3353793760871078,-0.4254565990077042,0.6376846726398819,-1.6051709207089098,-0.2987527682998781,0.12289096453865053,-0.24769383769719586,-0.07325992700522779,-0.2412623783710226,0.4649096077094077,0.46007425724741685
2025-09-22,-0.16510414309863036,-0.06383804178616805,-0.1300149508536962,-0.476438491704228,-0.29941912239084345,0.2619934230070345,-1.174577782949347,-0.11513693326090337,-0.31055709978417806,0.9647347032498282,4.1210304685733155,-0.459975736938313,0.11993293385838004,0.36362173181329266,-0.016885968311000664,-0.023551578064577826,-0.8113924711061966,0.41586793941380384
2025-09-23,1.579760994663083,1.221753336682196,0.2796930125311766,0.3575828661992708,0.5338161903549467,0.12956268523058934,0.5006521207769905,1.7077037858298831,-0.1945872215127787,0.5150993988110554,3.299010302909157,0.5449052770066074,-0.21955176454224412,-0.2895582436132277,-0.25440399476287356,0.607353057937648,-0.4901197792785159,0.17045791367287128
2025-09-24,2.4537529730489065,2.4611803730545136,-0.192997599245717,0.23469829178398577,-0.5677891463503625,-0.12956268523058018,0.2398423324733839,1.292355009924513,-1.372839597985514,0.7097647047775992,-2.8033468221638267,0.1133560099404778,0.06814857010012593,0.1846645877157725,0.003716746732024276,0.3441978496948624,-0.4341187511422701,0.1697352192323971
2025-09-25,0.15858233517196865,-0.015379713413512231,-0.6629920600068683,-0.5592212938052807,-0.410043968565645,-0.4275681231798767,-0.26953364166262633,0.8926289403728416,-2.2365146760342696,-0.9669872760377486,3.40251208969369,-0.5925077887075215,0.1445917862814947,0.3685667498402715,0.2873379578742262,-1.1029843755035507,-0.36845818721439516,-0.32326446981684615
2025-09-26,1.0175639327497816,1.1323729841388266,0.7784764889983392,0.8657638499056634,0.9608113367380264,0.951849614209174,1.2896818324169823,0.9173270546123311,0.6441201224539594,1.6141667009641778,-9.060203394250498,-0.6998753739016789,0.13666506666811593,0.08867737362878911,0.05925510255673592,1.2245159710084568,1.209743715127021,1.1547751480605961
2025-09-29,-3.128417406667901,-3.5151105558710065,0.18197558667066657,0.023543851560374262,0.12938336402735973,-0.21596252525161713,-0.22239497419223672,-1.854235942380655,0.5203155144106955,0.2875667254174485,5.2861771694031905,0.3891255553779332,-0.10851648648976354,-0.18996759130529448,-0.14904059903320852,-0.008827262830424738,0.05001379438923176,0.2515347293407964
2025-09-30,-1.4075417097358112,-1.7167832772092624,0.47588121281296997,0.5696936390096524,0.19103771606482967,0.4010371350128628,1.030821053975521,-1.0688171455757385,-1.6096970018293706,0.17215458684292972,0.9876613611529673,0.19806111702517448,0.009381099573501413,-0.004092482290240973,0.05684209000546052,-0.17104955771227284,-0.38945369061187307,-0.2652652170521183
2025-10-01,-2.5233615499730706,-0.9504705681003096,1.1471451965658073,0.9705322184976148,0.8953063108467625,0.8274623286533316,0.4114290740655325,0.0,-0.48799299562482706,0.9585828225711566,0.061407606411764,0.037549924772429626,-0.027441355457573573,-0.3119506422314866,0.10947626994826626,0.8190140522390058,0.28832198575339896,0.9115475169629961
2025-10-02,-1.9157049201351903,-2.1266943429129492,0.5263972420518525,1.2730527233266697,1.1193581389212712,-0.004642633302445459,-0.27452641294821145,-1.0124920060614153,0.9332543605895272,-0.18187975146727056,2.0656763924054484,-0.015258036072495198,-0.12743144143970123,-0.2102205705126672,-0.2664893272906644,0.39215461913031396,0.4962900177331926,0.32518421075143195
2025-10-03,0.6529845511370902,0.6592006795596239,0.5008642168236985,-0.17933834697440795,0.30871128701650263,0.4169761415946407,0.5720459378929119,0.5300210377057093,0.8445578437626611,1.1538591577173178,0.12019507755499145,-0.07623361800018726,-0.024661238482018955,0.037034772683396736,-0.007835493041006059,0.04681566244072024,0.8121038404767356,0.3959228555001676
2025-10-06,1.4461828067311586,1.3217089862356095,-0.036823672440359015,-0.002099053703408504,-1.3674674834056206,-0.2592474022697844,-0.1823878010470835,0.49366175908344045,0.6387279778322118,0.9626142151960752,-1.695975086576718,-0.10781815879537045,-0.13162941813582688,-0.2936009526466541,-0.053228371978341196,-0.8721240460840588,-0.5403622008545578,0.4027710664101182
2025-10-07,-0.03055953696363721,0.06482080298397469,-0.17024351327909285,0.030720301590542193,0.03850735309594615,-0.17397965347454228,-0.19109825512586567,0.15656567958060671,-1.4832858215948799,0.4556865719735792,5.178180930974778,-0.018739398387827448,-0.07883191841891894,0.21359556548506156,0.2625459949257789,1.0713693528814519,1.4154526426896132,-0.8237031945463593
2025-10-08,1.2149019137739343,1.319619572542084,0.7908564842218906,0.8629657709361379,1.0636818919446258,0.9543137528087349,0.9697134220681003,-0.582759525595059,0.6039858666569045,0.6851669255590596,-5.606719095272428,-0.4766464102914459,0.06730160978981407,1.0960525620162536,0.3271026540499048,0.32436260963391156,0.4578337689569758,-0.015262968252979339
2025-10-09,-1.5669275788459478,-1.6766488783076146,-0.43314721840897913,0.05738510703210306,-0.23314647687424514,-1.6041885112804937,-0.5981510467099571,-1.3693522408649699,-0.3216707306952224,-0.2536283790932634,0.7943889616864368,-0.1944386427629532,0.05221225431195037,-0.4764179162257417,-0.1141170940045379,-0.12829674811758268,-0.4178796416821093,0.1360126476853413
2025-10-10,-3.892639426658475,-4.335861936876658,-1.259411363533402,-1.5139226390091873,-1.5459557428884556,-1.7539346366803696,-0.6973323346297041,-2.9369661744104407,-2.5286848147401964,-0.4093621245285563,27.63582839046803,-0.5648764894055418,0.07872659446234244,-0.039139064451406816,0.036132245978489526,-0.04384637137133074,0.5942666938917173,0.15570000437638964
2025-10-13,0.9361435381944336,0.9967142850277801,0.43686904106852537,0.6023895879857175,0.20514136870782637,0.28498166907604355,0.41975302019604305,1.3520039197869054,1.7199439441044164,0.7620563642731315,-12.94505171378362,0.310463988763602,0.1406233982441958,0.26117562841394537,-0.2734111898159526,0.07411003068741337,0.6025492575155791,0.447554492528319
2025-10-14,-1.4796233853379697,-1.3368519582766103,-0.36953406922311527,-0.6210431918657053,-0.184682269661843,-0.21841326758780888,0.28784896031755774,-0.011575585605521932,3.1177560496055587,0.8872377040811446,8.941689735171126,-0.30699076615013754,-0.10444676403502441,-0.06944454733282208,0.0633828202127924,-1.0882710277497158,-0.21210074440205845,0.34201139201800085
2025-10-15,-0.7723281273384103,-0.735235082042639,0.5705240212115784,-0.22954266067481474,1.9677276785760502,-0.40246294635042,-0.10335232723459058,-0.05790700777387938,0.47114766067598796,1.300127428046613,-0.8202703699969066,0.3058297376041747,0.023009593310395485,-0.06591289912482154,0.010695911900052224,1.9853988798263258,0.41538846643838606,-0.062096948755657494
2025-10-16,-1.3824705268891144,-1.3998351393044675,0.6827920540806647,0.37487615562445087,1.372118632979263,1.1082089188575366,0.48372569388086883,-1.212133099011599,-2.338129921625274,-1.0931433668442894,20.396864241431096,0.37894989021464937,-0.17625073329099894,-0.23540000723190777,-0.18241864022263057,-0.4809761459512378,0.24237255133609045,-0.17222697886464639
2025-10-17,0.37597026376934806,0.13913364167031342,-0.9526362727594032,-1.8344383639989095,-0.1758826228612965,-1.4643916894914943,-0.28610983261224476,0.8174718562212074,-0.3212831714290437,-0.3488493175855337,-19.72085347417192,0.4564146105032233,-0.15252156499870048,-0.18692150015507672,-0.0016430123334337232,-0.5257705047183436,-0.0939649894264159,-1.6096705315600424
2025-10-20,-0.4578954782848648,-0.03476526634173085,1.029575924930365,1.7792626004300716,0.3891285847489051,1.5068615483277155,1.4458065205158617,1.0528181014558837,2.5026129028088517,-0.032768688104262554,-13.092245513454456,-0.3608682608285511,-0.04335547144241221,-0.1687545552193718,0.1079254850128745,1.5406367991216252,0.7942641454880387,0.07602159721052092
2025-10-21,0.5068291374417814,0.5202009939038111,0.2095360021749986,0.2931890582000801,0.6412443639252422,0.6020714329998901,-0.3873998935782473,-0.23043157492455354,0.46966490374051306,-1.0211495386372569,-1.9945187445519825,-0.11185328701258218,-0.24609677291644524,-0.06429065624313147,-0.09597692011169046,-0.1564682424546148,-0.35296896557526003,-0.06405931257078733
2025-10-22,2.049947434766637,1.1692022927642327,-0.1763301106775789,-0.7380155463410325,-0.6314983383235756,-1.0323219726052528,0.09192138744261075,1.2722984405921438,-1.6535808237275018,-0.23202499549788164,4.003822509368809,-0.37888849174725414,0.0942100525828466,0.04423565399857036,0.08444821633596264,1.591972069493526,0.7309038164005153,0.12423767279807253
2025-10-23,5.2897659648790745,5.471479965183317,0.37324145170138734,0.2343237985515984,0.23015355585183703,0.40665840039668344,0.06714799233148884,1.3237733645348158,-0.997413811392831,-0.07746716684226926,-7.245514382509456,0.06962863606300936,-0.1863891443978373,-0.017233566824366657,-0.024294733169826308,0.8712166757702324,0.0,-0.3055342491735902
2025-10-24,-0.07579083550496586,-0.47043790771716976,0.23126921288227553,0.13252055580388689,-0.001828300718005871,0.24744029875068374,0.4378629669210876,-1.0167328813368475,2.377297230128134,1.1666454681485063,-5.525601475359516,0.0824581970188289,-0.006145288029043392,0.24812467211951422,0.09386299002087173,-0.11666383035146251,0.0,0.7389421984630945
2025-10-27,-0.48647052794245393,-0.3094190638740023,0.2203384835110797,0.2837924014007188,0.16459112616555122,0.9953360313386999,0.8706445080414491,0.23816016956764802,-0.23521165278045914,0.2731750142132045,-3.607361679793433,0.1174058159415624,0.25105151934729103,-0.08469012229388519,-0.08480577642912236,-0.009392663665692524,1.082780108843061,-0.04674148221601574
2025-10-28,-1.8766912584742759,-1.9101516385149182,-0.22033848351109073,-0.12409980804611272,-0.27467128720050576,0.5044117574092968,0.5410258039635354,-1.0476081563114488,-3.1900562435140154,-1.6614864954734605,3.912328281902929,0.1722954597345136,-0.1650180344721692,-0.4168107308182163,0.10043843043828748,2.0128767430613825,0.9231167759824179,0.0
2025-10-29,0.8042057637524991,0.5471256513850732,-0.06254306136565402,-0.6380635518243274,-0.19126223101455417,0.263974589446693,0.39147250046321314,0.7412991709200393,-0.6096317484053991,-0.033283731575884254,2.9996250016490023,0.05245090468156377,-0.07516391106784569,0.01855958653403603,-0.029219038416503085,-0.09736714759834883,0.7940919981181824,0.43554759252399533
2025-10-30,0.12315554540326826,0.14869916520238827,-0.09911189071954826,-0.02205626234323096,-0.5329440534170939,-0.0948580093107346,-0.6821924083804718,-0.5926061469905448,-1.1892751724205741,-0.4226476353058194,-0.059120480021661106,-0.46870562361586326,0.19134318700430783,0.13524167397350767,0.2100802397196027,-0.3055450352888198,-0.14153038687530597,0.5296790212513548
2025-10-31,0.10763389212942712,0.6746218098867316,-0.5127683831897083,-0.668052506000773,-0.44501135153524807,-0.06251664419781645,-0.048016834156700945,0.728848579836194,1.5961037983360171,-0.6934346456757211,3.0861295216443967,-0.26652573638043703,0.07172547540452329,-0.12054750537662798,-0.13644076293487925,-1.394825675805161,0.3082833005244227,0.8780018810452335
2025-11-03,-0.2770089589796132,0.11472540064278913,0.06817424833082975,0.7240905044998491,-0.13899185954644677,0.1111136946190987,0.02744275392405854,0.011353216412681914,0.7281573770425195,0.05610355090695186,-1.5602769750574097,-0.3846199871322598,0.30657009130363355,-0.0698716373195702,0.04152334343980568,0.610053052193356,0.4128070911428693,0.5214641912840781
2025-11-04,-0.6958923031859352,-0.805855625402388,-0.29750159982701024,-0.7624620479950994,-0.5224641720198097,0.09018905623765447,-0.0037389822579897754,-1.0836771657500546,-3.360968347126313,-0.35959040857686203,10.127529981361153,-0.0772136025743686,-0.005168328595630056,-0.20138205479844642,-0.002877454730756536,-0.9101013855740291,0.24618005811700205,-0.19777797151358398
2025-11-05,-1.4379772049788677,-1.5979083336420337,0.2310776317545101,0.4193059110072529,0.08301691754293991,0.4059982508819344,0.3858749730763105,0.26343805108528745,4.403476414591655,0.022504700009443677,-5.351180726997864,-0.29215895313422435,0.12852351065110737,0.2627426648657145,0.10723310339233526,-0.03794728730831218,-0.5104764512165664,0.2757843321573599
2025-11-06,-0.22064530301529472,-0.28563939556934587,-0.7018803737201205,-1.3214753262529835,-1.364943704260467,-0.8531153270833604,0.12167474674647295,0.9676172401824337,-1.4868623228075062,-0.43990216832200735,7.948729367323931,0.09768165584818884,-0.13934311109100145,-0.34496734849284255,0.011089760027698825,0.980316449130797,-0.5092427535512167,0.3118318387815131
2025-11-07,0.39367029157128797,0.5370036298004862,-0.5491448137722885,-0.6936382516165417,-0.1833477033619009,-0.3512162424993782,-1.3529479672422964,1.4285237913502649,2.162675924578634,1.3808831172131186,-2.1773803548195154,0.4551545936366607,-0.09904532410550633,-0.21931741314888273,-0.18205579401913746,-1.2035901226345156,0.3483850321988009,0.34589256517363226
2025-11-10,0.6735032038720661,0.6339712003290341,1.41176022885088,1.6412306017568754,1.3161708211305287,2.2531881402372553,1.7523231207631564,0.900551203204125,-0.3969845178365799,-0.03345567068566168,-8.074173830298387,-0.04619064573929637,-0.25145827167616847,-0.4645669914085838,-0.07942103046562318,1.625438547791736,0.49029387363060006,1.473691506716099
2025-11-11,1.7025733865876154,1.5020499160100933,1.268068074885686,0.533093907948526,1.2425749777025983,1.229426251135047,1.2667810932353865,1.2975839089038683,-0.8789486713143488,0.05574460640099956,-1.8349120606183555,0.11550883736828707,-0.1180581055889733,-0.16708093437928304,-0.06506564877302841,0.0,-0.5624309539859302,0.861504482358938
2025-11-12,-3.8324929980098372,-4.267357382343158,0.7042482707917617,1.2106741116883601,1.0368796457725098,0.7934414944611692,1.3755874558750774,-1.4083168826325285,3.0431189742571143,0.23381614920229685,1.3222356256914491,0.2615376763782096,-0.1451684462836221,0.2946078503784353,-0.17975520454706387,0.13073995702603342,0.8548602311977759,0.7471265701987391
2025-11-13,0.47725073603161305,0.3413503019600131,-0.611212765627942,-1.4036586524749568,-0.10622974364483855,-0.08487068897341911,-0.23137513948931712,0.2545258798790337,-2.0051812202988737,-1.3885943467181594,13.296011418473801,0.04055641647959474,0.12106908921647368,-0.06218638536164417,-0.03549694280592462,-0.2344604842643684,0.05888239175322195,-0.018780130677012327
2025-11-14,2.166491475524948,2.3574109713979454,-1.0143032662927927,-0.6889620892599025,-0.7608643440842542,-1.7127179225378244,-1.4063220265722471,1.6877063284715437,-1.238778035084931,0.09016673341738951,-0.8536334869686582,0.3425554234844353,-0.12247930598881476,-0.1766066223991396,-0.25793363186079193,-0.8587373570354294,-0.8502260663532738,-0.8620777642589115
2025-11-17,-0.29551689103654666,-0.3000007336277463,-0.5460165698458226,-1.205192190081831,-0.6270445958024672,-0.5195882339655871,-1.0658697168727533,-1.8425661585337278,-3.602516546085149,0.8972670492056852,12.097172670021585,-0.14297542332625918,-0.08995650414212357,0.04196198385439786,0.007451844824468517,-1.1505996746061933,0.060337380575776006,0.0
2025-11-18,1.0690356066389406,1.3759053702352597,-1.732669899440764,-1.7532244688982477,-1.8784702476209656,-2.1431206121166024,-2.1601085748143523,0.7938235021418553,0.7061306699146903,-0.38035630766115663,9.823065960309084,-0.21349466482306995,0.24149177156462492,0.07607531878749028,-0.07741890630310509,-1.8111997247179306,-1.2084399485092987,-1.4629267587049046
2025-11-19,-2.1496171840638194,-2.1635109945549886,-0.026694087385599245,-0.07599510241185665,-0.17787246097708004,-0.43981823150314886,0.39285720716094735,-1.3043080865711167,-0.45634444255266876,-0.8441669075945815,-4.261247288656275,-0.08109940862881722,0.0949278741660113,-0.09666034400207862,0.07989746890741986,1.8311560576219867,1.0518377363786409,1.30883357850173
2025-11-20,-0.2048976271162809,-0.5059873201805662,0.39621255943697875,0.4992485405477528,0.3426433106890766,0.6240598032631192,0.6248841492149642,-1.1413357198446308,-1.550413906136716,-0.5099508171032989,11.03354498808654,-0.3502886982433731,-0.27959203370413616,-0.5365834608795521,-0.04636086998297382,0.04294334418810217,0.3457821648613874,-0.7374395759683517
2025-11-21,-1.3022252926696143,-1.8430521854432347,-0.32681406150956654,-0.806463592533267,0.019795864087127083,-0.598272408467577,-1.0499674960281016,0.6282231523117366,3.445040601187552,0.14759150279535227,-12.010403643720817,-0.053076646266859775,0.16907255675623728,0.10058377884152951,0.11627995930197647,-1.2566714679544686,-0.2885566387759365,-1.1567679310406294
2025-11-24,1.2864428291568273,1.3344916077058602,0.13867436495241275,0.6359063608913116,-0.2882892406852956,-0.8568790659067812,0.9179101254297184,-0.27996998291018704,2.0194522692617225,1.1280427684174101,-13.261722293396586,-0.23387457189911476,0.09541541137069308,0.3794167597937501,0.19087834235433734,0.10367499675459609,0.4189038052255208,0.39786952371650464
2025-11-25,-1.4144048275339165,-1.524131537526606,0.9072571168787202,0.9654583659999063,0.8273796290076564,0.9435697146039734,1.0782265360961343,-0.6299900126317453,2.7604198603003356,-0.382108889905028,-10.039134402734167,0.10822579670050729,-0.07793135173029303,-0.38570477728338004,-0.32123187773495,1.4527475783524744,0.8393193853266842,1.6476096011157872
2025-11-26,1.0349611093964037,1.2007018164936087,1.0856179943184492,1.1086577777904192,0.8761917308408264,1.0043309903153714,1.3550094632986918,0.7532716490635719,2.1166941075955505,1.3199294673791624,-7.668084812071645,0.3878233380834474,-0.29194018113225256,-0.20862346086663375,0.005378519639200551,1.229726191368095,1.1109770624155724,0.22828899935276606
2025-11-27,0.0,0.0,0.1374819461490151,0.1757699308821973,0.037540847064760074,0.20845404189881533,0.0042795432259624,0.0,0.0,0.0,0.0,0.32202570718964046,0.2539039369555385,0.13057759608933883,0.004967568060162152,-0.36121772518662054,-0.40856565454044785,-0.15455144929613895
2025-11-28,0.11082039258071702,-0.17065241030113673,0.24838564568882793,0.2891651482665416,0.2865183562305905,0.3164815467155629,0.05987648796461454,1.3019714761967134,0.19021946151358132,0.7086627127837836,-5.009992978793776,-0.019719223599180803,-0.1722002635430466,-0.1048710821165138,-0.03933663011321863,0.3062687347821543,0.0678143958839692,0.41722330086289333
2025-12-01,-0.04748373001733858,1.3065435111999804,-0.20143674992957544,-1.0431015068007223,-0.31702148228381244,-0.2262862330696164,0.10622755669149278,0.9572623997218267,-0.41896734054927737,-2.366961827912888,5.300433128459449,0.013913811257868804,0.21260202843067902,-0.006820268399413033,0.08156283941455159,0.18138345597645797,0.8740766540990454,-0.13968444830032492
2025-12-02,-1.1463227136073773,-1.152946495521809,0.06603497760254598,0.5134013593271904,-0.276906890715981,0.22167326139243887,0.5118345691498342,-1.3005702222562543,1.7029748382404901,-0.714335611218087,-3.8432138559402986,0.05338681523857639,-0.14751273655948305,-0.20428719987947147,-0.06706651764317939,-1.340994460677308,-0.5433416490989031,0.8212522481473217
2025-12-03,0.35165862307886425,0.5272592755579819,0.09896018439431994,-0.07234930360078518,0.1585204512866213,0.059952040164982026,0.6812107444698607,1.8574968178541928,1.7482351012990294,-0.31912192495006125,-3.122385439376344,0.17426145067616566,0.10900411265310722,0.05150179323554657,-0.043084328104351595,-0.7282082247688095,-0.5295558638206405,-0.5348685070344265
2025-12-04,0.9370356325492937,1.2139710922112106,0.45366658902020957,0.7916612205380837,0.4270338167132923,0.3176067111740144,0.9654398048672239,0.42379854000501405,-0.7773568607008544,-0.2057002749230807,-1.8832960510421615,0.3342812053854932,-0.18402753559910404,-0.0228525518274108,-0.16171790340814335,0.46128448708117264,0.138960126905729,0.5619551765753908
2025-12-05,0.771599269386263,0.6847687085184139,-0.012095148020288354,0.6099405672806939,-0.08979065740587333,-0.19781035063575278,-0.3475369807894907,-0.41291960741828015,1.9139348677445032,-0.9424171870311983,-2.3726659065600813,-0.2062849287251466,0.12350816848499609,0.5249620398882331,0.4141442916376666,-0.30932011518422164,-0.4267332754855706,0.632454917384552
2025-12-08,-1.996261323777931,-2.017554537165639,-0.0708708952528246,0.07433991574575148,-0.07779069999788384,0.0,0.14190854252433077,-1.0948173374017158,0.0,-1.348542751024816,7.799398814961006,-0.0221184385939552,-0.018211447585833755,-0.39602179266042686,0.004130507646280677,0.12533240127826265,-0.9571181259154806,-0.15486531597685044
2025-12-09,-0.8840418427010924,-1.0757400115354736,-0.10205874236111621,0.48389999732759814,-0.6920467935808281,0.32640705699284045,0.13335118307999783,0.6145890133605744,0.18211322504443106,0.07020328358260298,1.6076586591024407,0.010465908031026407,0.1151104724845552,0.8170333159405633,0.27774742132083446,1.8932706895476472,0.6335109699057312,1.4379903760945094
2025-12-10,0.4349591436459808,0.35986515765415295,0.06920141080381027,-0.13463612208837625,-0.3710045158582835,-0.2527574875056923,0.1671791893089315,1.044844786089961,2.0173662193912345,-0.04679671251573575,-7.097778416833754,-0.11284787545329754,-0.17425570881241226,-0.2919651801964909,-0.13650636802647192,0.36174799016214343,0.0009302694433302174,0.17762098020367867
2025-12-11,-1.5062238297959722,-1.4820202811459566,0.5467916303961109,0.6792781889744524,0.7830691053557142,0.5437851113647421,0.7162949887259716,-0.47753490118378333,0.7461394479298432,0.7228635957791363,-6.010953906554108,0.625216328712096,-0.07409652031195985,-0.2865318328176985,0.0004093098791350239,1.335792632920624,0.589969341195713,-0.07647497573185172
2025-12-12,-0.26143781296879326,-0.2781640379193324,-0.5346839305439696,-0.4460266814879258,-0.21219823965036,-0.43111422486643586,-0.16954250116831354,-0.9839417217177588,0.10613930157553672,-0.48910775553163977,5.8205337510938895,0.32583302689056004,0.022017953415188477,0.17969998992755223,-0.17264909982115573,0.5585287636177857,0.3600477865578234,0.27246751828222404
2025-12-15,-0.9204495576828517,-1.0852529776578734,0.7408824376068511,0.17936043640131966,0.6948465987234248,1.376247030390616,1.1033927089411097,-0.7056248268280171,0.8100022256802367,0.9064524306566842,4.7155152458690655,-0.015263535945028118,-0.05280605102060596,0.2677806618811117,0.24360755174029383,1.863565840094862,-0.09233552000729894,0.5469765984312902
2025-12-16,-2.745407128826342,-2.7658096927631206,-0.47146194577103107,-0.6336233956172952,-0.23066587005611167,-0.2882860339288369,-0.7037036470910982,-3.101366976453397,0.8382873069553836,-0.41734467512504436,-0.12128842021314815,0.1444786011798567,-0.11946983044912438,0.1744836160091591,0.20145888835976772,-1.0829626621127453,0.2329568222863696,0.4426837062925939
2025-12-17,1.281640049157498,1.2049389096967786,-0.0017264319147768238,-0.4841202113467079,-0.24839551798230894,0.24747710981119736,0.09627159737787937,2.189944124645908,-1.542269559689527,-0.6526948384036082,6.688717143322019,-0.043486030303759166,-0.11723492616539982,0.2183210159449877,-0.05022851251636889,0.0805274916041273,-0.8953997859707458,1.7654068015884767
2025-12-18,0.2343087091193699,0.3747045135042449,0.9543986102652603,0.9921580995265987,0.7956137978700057,0.8220276184147262,1.141167844482378,-1.4621730827001012,0.809154117560951,0.9774426755409245,-4.349772183265853,-0.06107669323483436,0.0011888815121822093,0.9207835729320211,0.34734552402988783,0.30798238176417364,0.6995115510378745,-0.3771255697988616
2025-12-19,1.0807346371808368,0.9041783349827094,0.3666328801119783,0.36669144064234016,0.009075514486812245,0.6612817050075438,0.21690135988237375,0.0,0.698328698229712,-1.2819149716195453,-12.350482776224771,-0.14197636190468652,-0.29892174760270435,-0.3564016726269162,-0.12564928075367462,0.9939652310606022,0.7808534909351651,0.8889351082608153
2025-12-22,2.611538103687975,2.3546888834552213,-0.12774112871811447,-0.01823953582060772,-0.37253264496951527,-0.36708788647841545,-0.06875349685263005,1.0299374353279842,1.5878817257955085,0.3703589296646983,-5.7276773231425135,-0.14997716425493424,0.10401694266323641,-0.3561188265288946,-0.1311430039357494,0.8553863158648854,0.43855210501364095,0.445085071477823
2025-12-23,0.4981952793454131,0.6358003178000217,0.3368806571258074,0.2307084262118745,-0.2122627798568414,0.02914765550170037,0.14443918020279625,0.6538157211318255,-1.7968701074370474,0.35256286743792453,-0.5698015696033631,0.4929457555550721,0.265646113386976,0.6041646681479675,0.03619050460451685,-0.566908556917548,0.14057982471815308,0.23040923737500824
2025-12-24,-0.22468214645863815,-0.05140511397665497,0.0,0.0,-0.003332046207774958,0.0,-0.05763463158284049,-0.29255801825724237,0.32639195688093897,0.4448133719888824,-3.859231936902124,0.25094133829199966,0.13467755100316794,0.3611663485396602,-0.1288014758924848,0.0,0.0,0.0
2025-12-26,-2.6043175568838115,-2.7979873619687226,0.0,0.0,0.0,0.0,0.0,-0.3838758999880108,-0.4565453632258806,-0.07010417353966866,0.960481054501314,-0.08608228780450154,-0.1652995651434392,-0.4327872504694177,-0.06920214325116673,0.0,0.0,0.0
2025-12-29,2.121142110479338,2.3341943080538914,0.08829005138494808,0.04542339705513008,0.10409657511971132,-0.38408456637199284,0.13326307502604537,0.9457332091843087,-1.275258572573725,0.18682938495239254,4.317213038393171,-0.10718568594030559,-0.023023608922218834,-0.3425627162602345,-0.10348397464621098,0.29617931626704697,-0.08432417738549337,-0.2765548595184076
2025-12-30,-0.03229526635706333,-0.22408190917251633,0.5972842827703494,0.5703809658082111,0.6895518349967741,1.1389568305886568,0.9209696389733867,0.7591068334489665,0.14250417788219263,0.2330424730402516,0.9113285340826613,0.00118472044775698,0.2515796844789396,-0.19127774070831619,0.06185949032736813,0.6013610921520227,0.07063534259015197,0.7771260919013034
2025-12-31,-1.743140535270956,-0.9187940147117662,0.0,0.0,-0.22858574091325343,0.0,-0.27175976926126966,-0.5576050791110689,-0.07122670464235067,-0.6304707392664911,4.2356050562501695,-0.21756559939025885,-0.09002832223997946,-0.17659389440468182,-0.11177609569377682,0.0,0.0,0.0
2026-01-02,-0.16447121368073048,-0.1743045168221482,0.0,0.19959189570984887,0.5593256804744334,0.9499733749306363,1.0609211132601957,2.080643368857494,0.7807038173864258,1.1412747260539184,-2.9873204408338685,0.027019967189468468,-0.16843457150175553,-0.5695074174425886,-0.3688067388853954,2.4343092992378534,0.0,0.5558591955162141
2026-01-05,1.6488796318615113,1.7295484831722365,1.5035326306520298,1.333202284494967,0.19857783131837073,1.0370512034666186,0.6950248293502568,2.680078458849374,2.5132188347368842,-1.117845939201603,2.652310467924616,-0.39052493947448214,-0.09929317582287095,-0.08826144543834429,-0.03231079966995547,-0.12145377968972995,1.9183234703119196,0.49642924795159427
2026-01-06,-1.7312167904801525,-2.0615691035027606,0.58324983364393,0.09449094661173349,0.3152753336626997,-0.2052402467178748,0.18546702847715982,-2.7019915140749733,0.48142936869920594,0.4905886018714952,-1.01181045635892,0.08782538878940031,0.06628568033065896,0.28697277635275825,0.17760006651695015,0.0,2.825513766451518,1.073413257797654
2026-01-07,-1.2266052669043024,-2.015625809381816,-0.04792964600821248,0.9199826377290764,-0.04261661322667049,-0.4249174082198233,-0.2877083928802047,-1.123726104700641,-0.4125098020560368,-2.4535326733619645,4.182488873256102,-0.22817823442597424,-0.07199752653122359,0.14941382807714343,-0.06289619084850329,1.6309324738996605,0.11520006767915801,0.09764309313365584
2026-01-08,3.3295450824811508,3.112333218646618,-0.19191831596823314,0.020701296726810713,0.11591406115313595,0.24772294019999247,0.3307634764434894,3.0979779246989683,-0.10339717030269059,0.2862017618828345,0.45410194800659787,-0.09814279491846623,0.01711189711653016,-0.03225823767233574,0.4381637433993662,-2.3887405622569617,-0.5596442872455899,0.17973444896732596
2026-01-09,2.1543934729282803,2.3272793047802183,0.9625069477930128,0.532575499429152,1.4287038554927178,0.10285477594836438,-0.03228680804351531,0.25745495756103987,1.6076943463315376,1.2307714786576167,-6.415025046171281,-0.16217000708161422,0.06889391448321784,0.156263818145133,0.06385446647632113,1.2891511601944852,0.5167387585533461,-0.045085171741930156
2026-01-12,0.83327073307053,0.6407053978539629,0.20973435978714258,0.5672317659987626,-0.03983144692791644,0.028430525828172598,0.14042366277201274,-0.7096043265505375,-0.7493199771923963,0.16454365115933947,4.255962264580009,-0.29335393489510464,-0.014959605977609206,0.10126565489542766,-0.10836534867523484,0.49269733678650834,0.7484573975166456,-0.3143425349600388
2026-01-13,2.4742290248000685,2.7353574534645246,-0.08351301208462203,0.06028533807103884,-0.13838860124624974,-0.45366460660518626,0.07521770432934169,1.4142087289440768,-1.6894032866680404,0.6320943070944707,5.531954850954804,0.3714985157428741,-0.07769910445524619,0.33890003061723895,0.013602212668530745,-0.3380494044640374,1.2509872200154977,0.08533077129480275
2026-01-14,1.5910562761470213,1.4127033966977518,0.18330530782225296,-0.5301851847140702,-0.19463135283583516,0.2676261852706913,0.048608984190879355,2.2302638117340727,-1.2596409076057462,0.7440104945924852,4.7060346578984245,-0.20979446034860724,0.10049434065536646,-0.1615302676495522,-0.1571672117694675,-0.36672412696587414,1.4934891430887378,-0.3084827843365335
2026-01-15,-4.237659570250096,-4.670433555197604,0.49097824867423473,0.26126467927943403,-0.21448593927987625,0.44373112360953015,-0.299957225466208,-0.940740272216921,2.2629325299816165,1.0140712911878695,-5.585986225172183,0.032606295146541085,-0.037994947638725886,-0.03420864857403663,0.030547936523686377,1.1394210878522775,0.02342835196818941,0.5185818120362786
2026-01-16,0.5786222175223866,0.4214791804453334,-0.030921101921612834,-0.21820457896270157,-0.6538701736287875,-0.1091107582334568,0.38582354969217425,0.1678877903369086,-0.1377851011874751,-0.5057457988136193,0.12617985402639537,-0.32092523812508245,-0.00926593517793664,-0.21014234337692686,0.15300072059572503,-0.6974422108778123,1.3426949175319673,0.33299532004118887
2026-01-19,0.0,0.0,-1.198600822757589,-1.3454080088348688,-1.794938729039534,-1.3275503773139496,-0.2577983679368739,0.0,0.0,0.0,0.0,0.13708540398874872,0.2837278619979966,-0.04233999858487957,-0.0704970843986719,-0.4982820834605806,-0.13049017718569986,-1.0026972976869617
2026-01-20,1.2243484109182858,1.502785895403252,-0.7042182438476661,-1.030738778841122,-0.6113300493605417,-1.07443002691741,-1.3461106951557205,-0.18889863802042509,-2.5485740714446092,-0.9959611618563637,23.64219918624415,0.12212971236851652,0.0229733813614617,0.11062015968756851,0.12528944704011635,0.0413125144540412,-0.7139448877023438,-2.9924871155403645
2026-01-21,0.4917030567025608,0.46296177500914765,-0.02156916165081772,-0.5770492809973697,0.08170030054465345,-0.5044797192562883,0.05965476703937905,2.3872461274469856,2.3415365064075244,0.13957238972380095,-17.290858706520474,0.7594187300257437,0.018000033699852674,-0.14336449575129226,0.12183737330734158,-0.17025606822091754,0.02117142979529326,0.7622692886690045
2026-01-22,-1.8252638938862076,-2.1004244868480324,1.0218577280728547,1.195908526658312,0.9831121187227337,1.34631801682939,1.2756975896335048,0.32766948371936216,-0.2420945407401458,-0.7232090312204041,-7.748184228810683,-0.4691796358141223,-0.3130680218172888,-0.18027383507019604,-0.0008238408882386848,2.394116322581353,3.1554195721473444,1.9812685825440026
2026-01-23,2.8014757548990166,2.840013309656839,-0.0854351827976324,0.17782456551663522,-0.07169597116648532,-0.5760499898960338,-0.6759891303197876,0.5708487491331865,-1.1142166193409815,-0.3518186312029093,2.836621341894342,0.6969632403705955,-0.3095177281344407,-0.6737682488830973,-0.24052988004021084,-1.2768373422441526,-0.10820790717743459,-0.1881309093154856
2026-01-26,-0.4411674146464803,-0.7230904537314283,0.20198222403827273,0.12990841963873523,-0.14624257633336363,0.26285907630327926,0.7727504414381224,0.0609673063474196,-0.8438860722349135,0.7257397090127347,0.3722055560557878,0.8795761610489736,0.22634475858725323,-0.12248576359804231,-0.0437155313012066,1.6966672800598475,1.2728317090387866,0.8087985803763169
2026-01-27,2.974090357535081,2.861515863927036,0.5790538718114857,-0.15509755697022615,0.26615051526928224,1.084201349526673,0.6966408560411025,0.9101080041499987,-1.637626779006949,1.2978217640781042,1.2307894626495037,0.15190121488507835,-0.046602560832032305,0.058508029347556736,-0.0693295113379692,0.2811886752906878,0.653218809943011,1.525680366666039
2026-01-28,1.2208753889031485,1.305750566045477,-0.7530979101824562,-0.2882318357990902,-1.0621838936723365,-0.664615656973613,-1.1098141078745858,0.762136981524502,-0.6120633789577004,-0.2305175602861532,0.0,1.1815434779079346,-0.17520891485150486,-0.47537120481216855,-0.02972849323910916,0.8241191111517308,0.5483007768593604,0.42272293964993013
2026-01-29,3.321414573183764,3.436549212071179,-0.2253931098032682,-2.089653147307712,0.057995737026810025,-0.13966637530569262,-0.10171457904029234,0.9148794585948549,2.60217688835792,0.0,3.19015187754475,-0.3323398729088536,0.1521377136651725,0.10273574595162617,0.2721717861303353,-0.3521936009374238,-0.23778809571059356,-1.2221240416939751
2026-01-30,-0.02828379488532244,-0.32151767555849925,0.6337528074920272,0.9390354570050491,0.6812015196088218,0.9955602464137372,1.6419666851122636,1.0634218866912912,-1.667589845578124,-0.18480096302139992,3.263700965321155,-0.10056130060191609,0.017128096881182345,0.10657120301207142,0.11153962802875259,-0.6316150862685811,0.7332167582753482,0.08145873117773067
2026-02-02,-6.41142114983147,-4.822292322273334,1.0274365720942755,1.0487661131938508,0.6701170878947423,1.0444529680084482,1.3018195838454911,-1.9783013452861444,3.4461902639119697,-1.4673687335256256,-6.515035033324191,-0.9787839779129371,0.17941903679731436,-0.08182750302947095,-0.015222600349269913,0.11748733157621567,-0.3425519369691987,0.47151676468955245
2026-02-03,1.541598653107164,1.7072607857606443,0.10038456885358812,-0.06749108575752072,-0.020413856996976117,0.9001856818535561,0.022078467913003427,3.18547929166572,1.4413429734561378,1.444246802902185,9.675565912600367,-0.42683305772816427,0.1982971889913589,0.1998459130147848,-0.047730811379821374,2.263693080852481,1.4638306579516385,0.3380058018071972
2026-02-04,3.1145104382869584,3.007628847793779,0.030743488496299442,-0.719874397592381,1.0055049417488784,0.46208320181848506,-0.09220561317277101,2.2201934396368315,1.5551330503224934,-0.37071550004958087,3.493801861709743,0.14758521488129475,-0.010181258616891543,-0.025488140315543525,0.08804210486216514,0.4662094205750229,2.297139335514525,0.6836563283096979
2026-02-05,-2.788292455131792,-2.881143722543824,-1.0522342058026057,-0.45617991043902223,-0.290785107518746,-1.7652098045695446,-1.9872962769246747,-1.1805145156007062,-1.147111632480574,0.04641020786926072,15.522311976046394,-0.12280419667084874,-0.1494141608673775,-0.317650852657217,0.16477927472420034,-2.5264853207879097,-2.654782127986289,-1.035350249930927
2026-02-06,0.7374664359321896,0.409963237731521,0.8903223139649032,0.9363554927005031,0.4320488888719079,0.12432251293202873,1.103974223119918,1.9723754128723645,5.576244265584236,0.5783706836442717,-6.646962483553287,-0.20160851725848647,0.19727174953015195,0.03531581694277413,-0.4349272073267448,0.6363778813831173,0.1625326224398824,-0.5976163786326714
2026-02-09,1.444328609270671,1.2665345977459916,0.6927559758728691,1.1798683433608268,0.5957729482838726,2.0410633036914567,1.39354758529254,0.7297216924282517,-0.547065169164254,0.2994348795626512,-15.989452704748954,0.4059767058934511,-0.15029283136045501,-0.5795276590167805,-0.15682437655631565,1.1646303697672942,-0.1355987716063659,0.47614231030095305
2026-02-10,-0.34822707397552477,-0.6234457955889158,-0.07083218977924619,-0.10807225909017233,0.055246714929523204,-0.04272317583622497,-0.4020139211516869,-0.11191555805846329,-0.3555866434661667,1.6423791592463104,2.446780875007102,0.65969197693402,-0.23132853721272129,-0.3081776874942417,-0.029742738923552624,-1.126906197851772,0.3644371847951902,-0.6901858174406538
2026-02-11,0.8683100203244299,1.0420783126096593,0.09819265892368274,-0.5284468551142988,-0.17594551461739108,-0.6258459675827903,-0.4291237179847163,2.579359857419529,-3.3254037655112847,0.8784799150335443,-0.7900791374484801,-0.12134526577630819,0.30081731016564417,0.4503945483344091,0.1003413896456438,0.5597662722580211,-0.6777400766102526,-1.1384698452938684
2026-02-12,-2.746308892940426,-2.808684096217171,-0.49350918132093685,-0.013924837177733393,0.3280856112523792,-0.6211334050844375,-0.8213393886922313,-1.8355850772967295,-1.8243779936080746,1.4693066546862608,16.51782867627143,-0.11407449746145217,-0.15920010530470993,0.24397877109814306,-0.004534455485885985,0.13908757877123756,0.5810066323268495,-0.38570724534644446
2026-02-13,0.3400659189728302,0.07953430347292803,-0.1326636720699406,0.24992756621259093,-0.3461307452829367,-1.7282818291077189,-1.2623412675775105,0.6830958705387938,0.10223441467213668,2.7249644729421063,-1.0622954215521119,-0.06412181154459173,-0.042750682581101394,-0.04515308547914444,-0.017754056760023385,-1.7117186755895086,-2.5184968201519444,-2.623490794127416
2026-02-16,0.0,0.0,0.13266367206993362,-0.4584897492227233,0.057249181968888396,-0.02641717131488998,0.9887334488576119,0.0,0.0,0.0,0.0,-0.008296867967237649,-0.030893787416747455,-0.2144389642069808,0.07180775477287908,0.14396580622190872,-2.0485810109918017,0.3257824298348066
2026-02-17,-0.4882777112820479,-0.894427865280796,0.446836710522794,0.7931486099809516,0.5391555076760934,0.7567236136373654,0.599946997197379,-1.110091784094083,2.721483116491583,-0.25839909185182564,-1.5162895353664012,-0.14824419525577087,0.11257415655989861,-0.14436660608967758,0.00412287424190424,-1.2770197936350072,0.41548911763227014,0.14478712415968417
2026-02-18,4.254107922358705,4.486324018953362,1.1840367018545188,1.1130958450864037,0.8048684264830267,1.2960832719458197,1.3415297173231575,1.8981453755015774,0.4299631636031846,-1.674138646528188,-3.3578702048219835,0.016597545472382784,0.08351353750798603,0.08028867479240272,0.0672166353833008,1.674820993680767,2.3055055537805553,1.7105481165488472
2026-02-19,1.8450001110184129,1.884264588402265,-0.5358755585628957,-0.932567646424804,-0.35952428272761205,-1.2305510386650191,-0.9962716458977826,0.7275479186845188,-4.040950004943113,1.0902856992773042,3.061713164009243,-0.5330892187443717,-0.06571213311917534,0.2259402072928003,-0.1348878897965335,0.22445437313291294,-0.9012440056077228,-0.2718627600035357
2026-02-20,0.13944845388772942,-0.060233273345325966,0.8328771852119381,0.8632290381781812,1.380039572750365,1.4718420620830082,0.9308559487262008,-0.5451605962566364,1.2634586163417298,0.47599135562039163,-5.800198282095596,-0.1672717262548906,0.1839846629445961,0.08056707269381835,-0.016511556887173026,-0.04461416943178354,-0.744750928218921,0.708704451221781
2026-02-23,-0.37696976224066436,-0.12057549749366833,-0.45459448041633105,-1.0694809408042671,-0.21537278019274755,0.4851252377017343,0.5631272764014956,0.490780171033874,-3.3117862497084087,0.7526075645135271,9.583388002012065,0.5558699440543782,-0.0409868111356406,0.1562008579189126,-0.03551262678948851,1.6570868232649052,1.035390717257776,0.33906386887735734
2026-02-24,-1.0122415243954896,-1.0307811926564714,0.22914659634258733,-0.022892784374880387,0.25904512639164806,-0.10069523405494606,-0.5438835546063371,-0.09070910121871671,1.081466902964296,1.1078128690015663,-7.2023278344518395,-0.34615685408089186,-0.02512232738858299,-0.054589017808889286,-0.04172710565358615,-0.5640287959457252,-1.849294748915851,-1.7327331351887971
2026-02-25,0.11298099466601236,-0.32048725151217655,0.685876569851239,0.7563081252301518,0.4667966950272327,1.1042298467366856,1.4815894266759577,-0.41829833886061085,0.3117970767874952,0.3384030071840594,-8.649994276889613,-0.1579167980070825,-0.11692499817962465,-0.35144885800224507,0.037181776252504246,1.7231513025118512,1.8818769602612613,0.2741016862679301
2026-02-26,-0.14124080765898528,-0.32151767555849925,-0.04578660889645853,0.44815360860539005,0.7201355335609642,0.541250422774765,0.19265115030075003,0.3275138563106942,2.4599782511477106,-0.3807891049508618,3.8297834928636116,0.33853080428823806,-0.0410619151079524,-1.0190368953462945,0.025189710632692545,-0.9303386190671201,-0.24856986716152935,-0.9084551976315003
2026-02-27,2.4158171526684704,2.7378214855194662,0.10575645239396586,-0.018823243045450393,-0.4671608971116511,-0.4564866965722507,-0.7368910513732967,1.5680177169951743,-4.063914587250824,1.1590042180472266,6.393454978365512,-0.10274385937266124,0.2293029306533765,0.2201180881348104,0.0672832247511672,-0.23866706256425266,-0.18444304392846525,-0.20304651993149556
2026-03-02,7.005918989487765,6.092309289771936,-1.6255043250108767,-2.5892091930838017,-2.196599838628664,-1.9895832232719513,-2.659673132926551,1.9830785363725159,-2.671574665295904,-0.7571044205251988,7.655067176227163,-0.36992518169130917,0.0395453576397326,0.8862330152135443,-0.04663523045483167,-1.1007976840956624,-0.9221682280926501,-0.08223994910435473
2026-03-03,4.600539380902609,4.569001251480495,-3.125483803284796,-3.4997303774529116,-3.5217319746866202,-3.9940072954107233,-4.674403343239158,-0.9158284508546355,-0.9795124661100258,-0.6353246172341058,9.471634288839889,-0.5301246967732852,0.2048388318719014,0.30554390948488047,0.13778821017086293,-4.600509956882509,-3.8086983756862285,-2.4411581467509125
2026-03-04,0.0,0.13403849037710833,1.3589363076408107,1.7281407655207681,0.7853017963245229,1.9353646778713731,2.458051271547259,-0.585575461453401,-0.4018292542960018,0.42400062250606585,-10.83348165445105,-0.7295832625916149,1.320565547809115,1.5068404222990626,0.4138736197263836,2.623333272828025,2.604249313584784,1.1125946658485601
2026-03-05,4.808794108094153,8.162810767543585,-1.2944321595744042,-1.6226943906857596,-1.5040830225388815,-1.6187843759705383,-1.3923949147919918,0.5147769150786352,-4.645028939910183,-0.7858098224919997,11.5942643024757,0.20109002290502545,-0.58395217018603,-0.30696220944585606,-0.11460633215781986,-0.2764816862349827,1.0322786612050436,0.30473042739483636
2026-03-06,8.179738539234233,11.518738775742001,-1.0203516051806876,-0.948060128307765,-0.6522702145418933,-1.0297406253176857,-0.9953509958564378,0.15922290646597967,-2.838998904776337,-0.3417359659486388,21.646868458519744,-0.23707822306563853,0.21601297974792444,0.6919207453036595,0.1441631233980727,-1.9491060766556405,-2.6487801203770283,-1.161251908767123
2026-03-09,6.545510060552413,4.169285009042199,-0.6317025015429591,-0.7730192376806647,-0.9822331440621369,-0.2880571754930364,-0.8599464424943973,-0.4429057675209449,1.6432297342399234,0.23506272449187177,-14.53727629014671,-0.7332555974364463,0.5326660006091434,2.103748057078071,0.21975365196298574,-0.1696545804854732,-1.1908739415953928,-1.5385337472087122
2026-03-10,-11.96541834336115,-12.720525452225404,1.8651064214002318,2.360959503652854,1.77807841862845,2.6383679264621858,3.007225043864318,-1.2866545808875651,-1.6432297342399145,-0.6209209276365081,-2.2606542387607056,0.8122175820436147,-1.2139373734739316,-1.9574083938413982,-0.30105389958607276,2.141003519227887,3.369036465855238,1.9477369505005293
2026-03-11,4.650966320898771,4.4529947544589055,-0.5923961476246451,-1.3804496060605362,-0.19317529535398387,-0.9536054481112518,-0.5351041643262017,2.4517166450766807,-0.5141441774763829,-0.8411621156162705,-2.8480393840772953,-0.05110465032665204,0.46618667718879936,-0.7661169708791223,0.09361365171834432,-0.4388567869611124,-1.6078639553404914,-0.508773669194983
2026-03-12,8.818843060042697,9.275420294240794,-0.6126193269851657,-0.21333587562083373,-0.7159549145834532,-0.7105343188158983,-1.2292931358189538,0.9258486976318531,-4.045859353594914,0.7122166521415749,11.892885233233507,-0.5881166978062398,-0.48669512609543625,0.6875413544915789,-0.012720484666834588,-0.6493077000809003,-0.45334780113897805,-1.7489023655381377
2026-03-13,2.6327653496566494,3.0654485129932216,-0.5038906902702178,-0.6053189874580835,-0.9173478410236385,-0.3131585360317401,-0.47135462724299804,0.32983248146554855,-0.7043744945879075,0.9843778662870519,-0.36710899822637655,-0.1868285908365362,0.5446119555717065,1.1803183326656486,0.17755679122487206,-0.5096107321693668,-0.224584603825121,-1.1456608259332879
2026-03-16,-2.881930777096322,-5.4224812860235305,0.4387432912162835,0.49656548903524705,0.3084454843275344,0.06992612928023116,0.1762855753631707,0.34602463484561236,2.179813620526989,0.6368081041895732,-14.542340599858363,-0.7541187420557279,0.04805221020873722,-0.06620393322478554,0.16579771265856397,0.5457604531621593,-0.7973728374059886,0.5043006988761614
2026-03-17,3.153037432889072,2.8571856562604854,0.6628345156126535,0.7058297804927722,0.48421093677253785,1.2102886538565771,0.9278321906888685,1.048024056908286,1.9738798963269626,-0.2754440038858911,-4.970505926942895,0.5618921196097604,-0.182217699028104,-0.20476287273394908,-0.06546951115758233,2.02940634039272,1.4377726354776366,2.124642682889903
2026-03-18,3.757557015322991,0.1142685534911508,-0.7531016638134985,-0.968267464639849,-0.05783046501183607,-0.328019127304214,0.29177214230653636,-0.13681978178118182,-1.933203756387153,-0.8523417886080585,11.474855344189374,0.34673611974542706,-0.05728906666071633,-0.6511249264633341,-0.06837159096123008,-0.6497329580165885,-0.2298679261964145,0.5124344847173816
2026-03-19,1.1757801330152413,-0.18705222749135694,-2.4189298499230727,-2.8602017149623524,-2.0537207132328894,-2.351932204070833,-2.299175791310344,1.5791182566459498,0.40584625542275715,-0.407415312642859,-4.1918678110328615,-0.6521516092985272,0.37577117205835836,1.0066336013865311,0.19108886082201712,-1.863459603233402,-0.3774216381456008,-1.6881283074993103
2026-03-20,3.206216357180363,2.2422006036631843,-1.7910074833637064,-2.0317975963075856,-1.8386802901534482,-1.9875397157406753,-1.1416004956093873,-0.08426653960828404,-2.460150202675513,-4.145782293386976,10.710467755363762,0.9815664723191437,-0.29571889816265545,-0.43265925296171903,-0.001637423325743702,-0.872077610008635,0.25593026522014617,-0.498344794300301
2026-03-23,-11.562385397344825,-10.941449620742738,0.6086657439028649,1.2154061111197645,0.78717643155188,0.8113398995096036,1.0368415365103432,1.1893320434656973,3.4275086815917475,0.9874290248259411,-2.380618998008231,-0.1503916726087964,0.21917466652760062,0.644347083006451,0.018399977036337136,0.6147708147443794,0.44136498010720354,-0.12448248807602635
2026-03-24,4.452132225688777,4.677272417601841,0.43250415555744925,-0.07484624225493222,0.22908334489424326,0.41589708746651005,0.13018370173829377,2.008864885171666,-0.4019313329349951,0.6898911906465482,3.0134149741268166,0.4054317443303889,-0.32553694262643584,-1.3767891789133417,-0.14930121555472048,-0.8212570180974889,0.006726371573899726,-1.570449789390697
2026-03-25,-2.196398731961208,-2.2226773659888766,1.4073204319031511,1.4044622242653402,1.3165910598869723,1.4717086978341847,1.5240929569439314,-0.4447753944653803,1.8751769130341163,0.3542174328868492,-6.199386466286301,0.06502102683339267,0.28806941009406367,0.5288962081412601,-0.0368427184785111,2.1664515735685144,1.279827911789664,1.6067075191870266
2026-03-26,5.509646992640901,4.50292909571546,-1.1383830076125065,-1.5102722502979018,-0.9892554963494516,-0.7091177180941645,-1.2129244190399284,1.5562616683822947,-1.152861153662407,0.17664352007042722,8.001236131884106,-0.45888328592594113,0.07726489804787855,-0.5919466796232384,0.06958214455700724,-0.17555499968062213,-1.3981149435652196,-0.9847965976193698
2026-03-27,4.135141244726288,5.317547684867919,-0.9583755247407559,-1.3903356375842346,-0.8707795979041983,-0.7418414609391298,-0.9500944478786842,1.6763785550357655,-3.581990918386904,0.5719292225670273,12.359696148774315,-0.22865769599887728,0.02388197761267087,-0.021709411099165223,0.21256097649220898,-1.1574009644369867,-0.649090480061618,-1.2146789804175118
